,street,flat
0,Barkly St,0
1,High St,1
2,Victoria St,2
3,Dandenong Rd,3
4,William St,4
5,Charles St,5
6,North Rd,6
7,Thomas St,7
8,Albion St,8
9,Toorak Rd,9
10,Gordon St,10
11,Church St,11
12,Nicholson St,12
13,Buckley St,13
14,Smith St,14
15,The Avenue,15
16,Wellington St,16
17,Williams Rd,17
18,South Rd,18
19,Station St,19
20,New St,20
21,Mitchell St,21
22,Waterdale Rd,22
23,Harold St,23
24,Park St,24
25,Mason St,25
26,Ross St,26
27,Derby St,27
28,Tennyson St,28
29,Elizabeth St,29
30,Moore St,30
31,Bell St,31
32,George St,32
33,Bruce St,33
34,Grange Rd,34
35,Ormond Rd,35
36,Oxford St,36
37,Sussex St,37
38,Blyth St,38
39,Miller St,39
40,River St,40
41,Stephen St,41
42,Caroline St,42
43,Canterbury Rd,43
44,Collins St,44
45,May St,45
46,Nott St,46
47,Albert St,47
48,Stawell St,48
49,York St,49
50,Brighton Rd,50
51,Clifton St,51
52,Centre Rd,52
53,Stanley St,53
54,Princes St,54
55,Byron St,55
56,Yarra St,56
57,Murray Rd,57
58,Argyle St,58
59,Page St,59
60,Shelley St,60
61,Wilson St,61
62,Napier St,62
63,The Boulevard,63
64,Arthur St,64
65,Punt Rd,65
66,Hunter St,66
67,Brunswick Rd,67
68,Williamstown Rd,68
69,Henry St,69
70,Kooyong Rd,70
71,Green St,71
72,Moreland Rd,72
73,Vincent St,73
74,Walter St,74
75,Stewart St,75
76,King St,76
77,Orrong Rd,77
78,Peel St,78
79,Alexander St,79
80,Cecil St,80
81,Pender St,81
82,Burwood Rd,82
83,Union St,83
84,Clarendon St,84
85,Epsom Rd,85
86,Waverley Rd,86
87,Rathmines St,87
88,Edgar St,88
89,Duke St,89
90,Glenlyon Rd,90
91,John St,91
92,Moonya Rd,92
93,Balwyn Rd,93
94,Dover St,94
95,Ogilvie St,95
96,Glen Huntly Rd,96
97,West St,97
98,Buckingham St,98
99,Osborne St,99
100,Mary St,100
101,Union Rd,101
102,Malvern Rd,102
103,Margaret St,103
104,Riversdale Rd,104
105,Rose St,105
106,Power St,106
107,Walsh St,107
108,Clyde St,108
109,Glenferrie Rd,109
110,Kensington Rd,110
111,Lennox St,111
112,Bent St,112
113,Gillies St,113
114,Hotham St,114
115,Campbell St,115
116,Purinuan Rd,116
117,Simpson St,117
118,Edward St,118
119,Hamilton St,119
120,Barton St,120
121,Essex St,121
122,Princess St,122
123,Liberty Pde,123
124,Station Rd,124
125,Belmore Rd,125
126,Flinders St,126
127,Neerim Rd,127
128,Truganini Rd,128
129,Hampton St,129
130,Bowen St,130
131,Graham St,131
132,Roberts St,132
133,Swanston St,133
134,Scotchmer St,134
135,Park Dr,135
136,Fitzroy St,136
137,Burnley St,137
138,Altona St,138
139,Chirnside St,139
140,Winifred St,140
141,Powell St,141
142,Roseberry St,142
143,Oakleigh Rd,143
144,Murray St,144
145,Heller St,145
146,Albert Rd,146
147,Tooronga Rd,147
148,Hope St,148
149,Evans St,149
150,Franklin St,150
151,Gipps St,151
152,Bay St,152
153,Lillimur Rd,153
154,Cameron St,154
155,Rathcown Rd,155
156,Maribyrnong Rd,156
157,The Parade,157
158,Monash St,158
159,Denbigh Rd,159
160,Willis St,160
161,Blair St,161
162,Hyde St,162
163,Donald St,163
164,Ballarat Rd,164
165,Nimmo St,165
166,Barkers Rd,166
167,Wills St,167
168,Tucker Rd,168
169,Robinson St,169
170,Chapel St,170
171,Lord St,171
172,Scotia St,172
173,Queen St,173
174,Davies St,174
175,Raglan St,175
176,Dorcas St,176
177,Whitehorse Rd,177
178,Manningham Rd,178
179,Herbert St,179
180,Thompson St,180
181,Heath St,181
182,Clarke St,182
183,Raleigh St,183
184,Murrumbeena Rd,184
185,Wattletree Rd,185
186,Milton St,186
187,Anderson St,187
188,Verdon St,188
189,Leicester St,189
190,Barnett St,190
191,Glenroy Rd,191
192,Tambet St,192
193,Norfolk St,193
194,Stokes St,194
195,Berry St,195
196,Richardson St,196
197,Kendall St,197
198,Tanner St,198
199,Montague St,199
200,Dickens St,200
201,Blackshaws Rd,201
202,Millers Rd,202
203,Surrey St,203
204,Cooper St,204
205,Rosanna Rd,205
206,Severn St,206
207,Francis St,207
208,Clarence St,208
209,Barry St,209
210,Horne St,210
211,Gladstone St,211
212,Canterbury St,212
213,Carlisle St,213
214,Johnstone St,214
215,Reynard St,215
216,Pitt St,216
217,Geelong Rd,217
218,Bedford St,218
219,Mercer Rd,219
220,Queens Pde,220
221,Kokaribb Rd,221
222,Rankins Rd,222
223,Wood St,223
224,Pascoe Vale Rd,224
225,Rouse St,225
226,Cobden St,226
227,Howard St,227
228,Ascot Vale Rd,228
229,Middle St,229
230,Daley St,230
231,Oriel Rd,231
232,St Kilda St,232
233,Addison St,233
234,Commercial Rd,234
235,Summerhill Rd,235
236,Victoria Rd,236
237,Dow St,237
238,Earl St,238
239,Rae St,239
240,De Carle St,240
241,Outlook Dr,241
242,Coorigil Rd,242
243,Lygon St,243
244,Crookston Rd,244
245,Ashley St,245
246,Wells St,246
247,Rossmoyne St,247
248,Drummond St,248
249,Exhibition St,249
250,Burke Rd,250
251,MacPherson St,251
252,Hall St,252
253,Reid St,253
254,Bloomfield Rd,254
255,Hickford St,255
256,Martin St,256
257,Tyler St,257
258,Pridham St,258
259,Maidstone St,259
260,Mawbey St,260
261,South St,261
262,Atkinson St,262
263,Anderson Rd,263
264,Frederick St,264
265,Grant St,265
266,Hoddle St,266
267,Young St,267
268,Munro St,268
269,Dendy St,269
270,The Fairway,270
271,Wickham Rd,271
272,Gardiner Pde,272
273,Nolan St,273
274,Robe St,274
275,Woornack Rd,275
276,Garnet St,276
277,Gerald St,277
278,Crefden St,278
279,Champion St,279
280,Beach St,280
281,Allard St,281
282,Murphy St,282
283,Helston St,283
284,Market St,284
285,Abbotsford St,285
286,Johnson St,286
287,Hannan St,287
288,Westgarth St,288
289,Drysdale St,289
290,Atherton Rd,290
291,Marlborough St,291
292,Brighton St,292
293,Dover Rd,293
294,Sycamore St,294
295,McBryde St,295
296,Hawthorn Rd,296
297,View St,297
298,Cromwell Rd,298
299,Wales St,299
300,Brougham St,300
301,Elgar Rd,301
302,Regent St,302
303,Leinster Gr,303
304,Cuthbert St,304
305,Kilby Rd,305
306,Dundas St,306
307,Leamington St,307
308,Greeves St,308
309,Faraday St,309
310,Weir St,310
311,Darling St,311
312,Warmington Rd,312
313,Bridge St,313
314,Mascoma St,314
315,Pearson St,315
316,Ireland St,316
317,Osborne Av,317
318,Florence St,318
319,Gordon Gr,319
320,Flowerdale Rd,320
321,Edwin St,321
322,Mt Alexander Rd,322
323,Sutherland St,323
324,Railway Pde,324
325,Keam St,325
326,Swan St,326
327,Eldridge St,327
328,Neville St,328
329,The Esplanade,329
330,Gooch St,330
331,Brooks St,331
332,Woodland St,332
333,Morell St,333
334,Service St,334
335,Auburn Rd,335
336,Acland St,336
337,Burns St,337
338,Lynch St,338
339,Cromwell St,339
340,Graham Rd,340
341,Waverley St,341
342,Scott St,342
343,Thompsons Rd,343
344,Jackson St,344
345,Harrison St,345
346,Fromer St,346
347,Leila Rd,347
348,Virginia St,348
349,Linacre Rd,349
350,Gore St,350
351,Howe St,351
352,Kent Rd,352
353,Middle Rd,353
354,Cornwall Rd,354
355,Parer Rd,355
356,Ashburn Gr,356
357,Glover St,357
358,Hartington St,358
359,Normanby Rd,359
360,Patterson Rd,360
361,Auburn Gr,361
362,Coventry St,362
363,Coppin St,363
364,Havelock St,364
365,Gilbert Rd,365
366,Magnolia Rd,366
367,Lisson Gr,367
368,Deakin St,368
369,Perry St,369
370,Gourlay St,370
371,Marine Pde,371
372,Papua St,372
373,Campbell Rd,373
374,Myrtle St,374
375,Elm St,375
376,Birdwood St,376
377,Heidelberg Rd,377
378,Henderson St,378
379,Myrtle Rd,379
380,Forrest St,380
381,Barbara St,381
382,Leslie St,382
383,Aberfeldie St,383
384,Victory St,384
385,Hoffmans Rd,385
386,Newton St,386
387,Suffolk St,387
388,Melrose St,388
389,Budd St,389
390,Ethel St,390
391,Nepean Hwy,391
392,Hardwick St,392
393,Wallace St,393
394,Kerferd St,394
395,Geddes St,395
396,Balerno Cir,396
397,Passfield St,397
398,Leander St,398
399,Emerald St,399
400,Chambers Rd,400
401,Haines St,401
402,Hodgson St,402
403,Devereaux St,403
404,Canning St,404
405,Kenmare St,405
406,Park Rd,406
407,Fiddes St,407
408,Hillingdon Pl,408
409,Morley St,409
410,The Mews,410
411,Ballarat St,411
412,Alfred St,412
413,Vine St,413
414,Palmer St,414
415,Yuile St,415
416,Oak St,416
417,Farnham St,417
418,Marnoo St,418
419,College St,419
420,Melbourne Rd,420
421,Muir St,421
422,Edgevale Rd,422
423,MacKie Rd,423
424,Durham St,424
425,Kororoit Creek Rd,425
426,Craig St,426
427,Tyrone St,427
428,Rachelle Rd,428
429,Robert St,429
430,Pecham St,430
431,Keon St,431
432,Booth St,432
433,Molesworth St,433
434,Brunswick St,434
435,Derry St,435
436,Bond St,436
437,Sackville St,437
438,McCubbin St,438
439,Separation St,439
440,Spencer St,440
441,Fenton St,441
442,Shaftsbury St,442
443,Weston St,443
444,Farmer St,444
445,Hilton St,445
446,Southern Rd,446
447,Skewes St,447
448,Porter Rd,448
449,Edgar St N,449
450,Hanover St,450
451,Fabian Ct,451
452,Dodds St,452
453,Hughes St,453
454,Fullarton Rd,454
455,Links St,455
456,Parker St,456
457,Hornby St,457
458,Shoobra Rd,458
459,Arnold St,459
460,Raymond St,460
461,Riverview Rd,461
462,Noone St,462
463,Mater St,463
464,MacGregor St,464
465,Golf Rd,465
466,Wright St,466
467,Kennedy St,467
468,Mitford St,468
469,Warwick Rd,469
470,Marriage Rd,470
471,Abbott St,471
472,Halsey Rd,472
473,Jamieson St,473
474,The Strand,474
475,Templestowe Rd,475
476,Greville St,476
477,Pullar St,477
478,Clauscen St,478
479,Flemington Rd,479
480,Estelle St,480
481,Huntingdale Rd,481
482,Mansfield St,482
483,Veronica St,483
484,Keilor Rd,484
485,Windsor St,485
486,Brenbeal St,486
487,Ludeman Ct,487
488,Linden St,488
489,Hampton Pde,489
490,Loeman St,490
491,Sydney St,491
492,Marne St,492
493,Easey St,493
494,Carrick Dr,494
495,Newry St,495
496,Grace St,496
497,Cliff St,497
498,Warleigh Rd,498
499,St Kilda Rd,499
500,Cunningham St,500
501,Rathdowne St,501
502,Luckins Rd,502
503,Grieve Pde,503
504,Grandview Rd,504
505,Ashwood Dr,505
506,Cochrane St,506
507,Kavanagh St,507
508,Westbrook St,508
509,Cambridge St,509
510,Hooker Rd,510
511,Alma St,511
512,Archibald St,512
513,Hotham Rd,513
514,Fulham Rd,514
515,Warrigal Rd,515
516,Sydney Rd,516
517,Coronation St,517
518,Darebin Bvd,518
519,Gowanbrae Dr,519
520,Percy St,520
521,Wattle Gr,521
522,Patterson St,522
523,Stanhope St,523
524,Kellett St,524
525,Maud St,525
526,Liddiard St,526
527,Bastings St,527
528,Pentland Pde,528
529,Agg St,529
530,Boisdale St,530
531,Davey St,531
532,Judith St,532
533,Melville Rd,533
534,Martins La,534
535,Elphin Gr,535
536,Argyle Rd,536
537,Booran Rd,537
538,Fawkner St,538
539,Emmaline St,539
540,Mills St,540
541,Wallen Rd,541
542,Lily St,542
543,Henty St,543
544,Bank St,544
545,Salisbury St,545
546,Radnor St,546
547,Lynch Rd,547
548,Oconnor St,548
549,Belmont Av,549
550,Selwyn St,550
551,Livingstone St,551
552,Sturt St,552
553,Patricia St,553
554,Yeovil Rd,554
555,Cheddar Rd,555
556,Pickett St,556
557,McIntyre St,557
558,Grove Rd,558
559,Edinburgh St,559
560,Bath Rd,560
561,Hodder St,561
562,Grieve St,562
563,Hood St,563
564,Connie St,564
565,Major Rd,565
566,Bennett St,566
567,Clark St,567
568,Cotham Rd,568
569,Soudan St,569
570,Clifton Rd,570
571,Kent St,571
572,Through Rd,572
573,Pine St,573
574,Brian St,574
575,Baird St,575
576,Roslyn St,576
577,Pascoe St,577
578,Edgewater Bvd,578
579,Shepherd St,579
580,Warner St,580
581,Christmas St,581
582,Beavers Rd,582
583,Dalston Rd,583
584,Russell St,584
585,Sadie St,585
586,Black St,586
587,Parkmore Rd,587
588,Narong Rd,588
589,Melrose Dr,589
590,Devon Rd,590
591,Finsbury St,591
592,Dean St,592
593,Bliburg St,593
594,Haldane Rd,594
595,Hart St,595
596,Orange Gr,596
597,James St,597
598,Beach Rd,598
599,Adelaide St,599
600,Cumming St,600
601,Eucalyptus Dr,601
602,Cumberland Rd,602
603,Garfield St,603
604,Studley Park Rd,604
605,Thomson St,605
606,Jeffcott St,606
607,Pottery Ct,607
608,Ruskin St,608
609,East St,609
610,Leopold St,610
611,Hilda St,611
612,Yuille St,612
613,Brooke St,613
614,Sunset Bvd,614
615,Barrani St,615
616,Bishop St,616
617,Somerville Rd,617
618,Ashby Gr,618
619,Milleara Rd,619
620,McKay St,620
621,Cole St,621
622,Charlotte St,622
623,Wests Rd,623
624,Rosamond Rd,624
625,Beaver St,625
626,Alma Tce,626
627,Churchill St,627
628,Parramatta Rd,628
629,Freeman St,629
630,Kangaroo Rd,630
631,Muriel St,631
632,Celia St,632
633,Elgin St,633
634,Pakington St,634
635,Milford St,635
636,Hilma St,636
637,McConnell St,637
638,Eveline St,638
639,Murra Ct,639
640,Lower Plenty Rd,640
641,Dent St,641
642,Grenville St,642
643,Alfred Rd,643
644,Palmerston St,644
645,Nicholas St,645
646,Raleigh Rd,646
647,Mirams St,647
648,Grosvenor St,648
649,Southey St,649
650,Ash Gr,650
651,Roden St,651
652,Merton St,652
653,Serpells Rd,653
654,Balmoral St,654
655,Fyfe Dr,655
656,Valiant St,656
657,Redfern Rd,657
658,Highridge Cr,658
659,Devonshire Rd,659
660,Contursi Dr,660
661,Outhwaite Rd,661
662,Bessie St,662
663,Harker St,663
664,Stapley Cr,664
665,Melva St,665
666,Andrew St,666
667,Lilac St,667
668,Neptune St,668
669,Albany Pl,669
670,Arden Ct,670
671,Moonee Bvd,671
672,Arndt Rd,672
673,Kingsley St,673
674,MacAulay Rd,674
675,Radio St,675
676,Moreland St,676
677,Graves St,677
678,Liverpool St,678
679,Henshall Rd,679
680,Tuxen Ct,680
681,Freame St,681
682,Brandon St,682
683,Hill St,683
684,Sylvester St,684
685,Boeing Rd,685
686,Male St,686
687,Parkhill Dr,687
688,Newstead St,688
689,Woorayl St,689
690,Queensberry St,690
691,Albion Rd,691
692,Shaftesbury Pde,692
693,Gilbertson St,693
694,Leura Gr,694
695,Munster Tce,695
696,Ellesmere Rd,696
697,Widford St,697
698,Tinning St,698
699,Brockley Rd,699
700,Alexandra St,700
701,Howitt St,701
702,Shakespeare Gr,702
703,Hawke St,703
704,Florence Rd,704
705,Brady Rd,705
706,Scenic Dr,706
707,Elphinstone St,707
708,Beaconsfield Pde,708
709,Benjamin St,709
710,Adeney St,710
711,McCarron Pde,711
712,Sterling Dr,712
713,Centurion Ct,713
714,Douglas St,714
715,Walker St,715
716,Dongola Rd,716
717,Donnelly Ct,717
718,Bellarine St,718
719,Saunders St,719
720,Southernhay St,720
721,Crofton Dr,721
722,Astley St,722
723,Lobb St,723
724,Irvine St,724
725,Bonar St,725
726,Pickles St,726
727,David St,727
728,Industry La,728
729,Howell St,729
730,Poplar Gr,730
731,Harcourt St,731
732,Empress Rd,732
733,Dumblane St,733
734,Rusden St,734
735,St Edmonds Rd,735
736,Fyffe St,736
737,Fenwick St,737
738,Woorigoleen Rd,738
739,Hull St,739
740,Bayview St,740
741,Tilley St,741
742,Rix St,742
743,Panorama Dr,743
744,Wrexham Rd,744
745,Lyons St,745
746,Hardiman St,746
747,Hudsons Rd,747
748,Yallambie Rd,748
749,David Av,749
750,Mendip Rd,750
751,Barrett St,751
752,Eildon Rd,752
753,McComas Gr,753
754,Croker St,754
755,Olwen St,755
756,Docker St,756
757,Donal St,757
758,Castlemaine St,758
759,Marion St,759
760,Frensham Rd,760
761,Bradshaw St,761
762,Shirley St,762
763,Main Rd,763
764,Campbell Gr,764
765,Locksley Rd,765
766,Nicholson Pde,766
767,Ibis Pl,767
768,Hudson St,768
769,Beatty St,769
770,Milne St,770
771,Nottingham St,771
772,Minogue St,772
773,Hatfield Ct,773
774,Howson St,774
775,McNamara St,775
776,Eva St,776
777,Barilla Rd,777
778,Cawkwell St,778
779,Heather Gr,779
780,Springvale Rd,780
781,Dunlavin Rd,781
782,Parkside Bvd,782
783,McArthur Rd,783
784,Lena St,784
785,Bevis St,785
786,Durrant St,786
787,Morris St,787
788,Vaynor St,788
789,Kingsville St,789
790,Montgomery St,790
791,Grey St,791
792,Highfield Rd,792
793,Highett Rd,793
794,Temple St,794
795,Pennington St,795
796,City Rd,796
797,Middleborough Rd,797
798,Vickery St,798
799,Bolinda Rd,799
800,Newsom St,800
801,Newcastle St,801
802,Empire St,802
803,Spenser St,803
804,Shiers St,804
805,Bulli St,805
806,Short St,806
807,Athol St,807
808,Sapphire St,808
809,Norris St,809
810,Speight St,810
811,Grimwade Ct,811
812,Durkin St,812
813,Sutton St,813
814,Farm St,814
815,Type St,815
816,Haynes St,816
817,Prior Rd,817
818,Wreckyn St,818
819,Alpine Gr,819
820,Alston St,820
821,McIlwraith St,821
822,Were St,822
823,Genoa St,823
824,Bay Rd,824
825,Billson St,825
826,Hutchinson St,826
827,McGregor St,827
828,Gardner St,828
829,Swindon Rd,829
830,Augusta St,830
831,Ward St,831
832,Wyalong St,832
833,Quinn St,833
834,Baxter St,834
835,Wattle Dr,835
836,Michael Ct,836
837,Dianne St,837
838,Mulga St,838
839,Kumala Rd,839
840,Kelson St,840
841,Albenca St,841
842,Greenwood Dr,842
843,Aberdeen Rd,843
844,Dermot St,844
845,Kellaway St,845
846,Ada St,846
847,Glass St,847
848,Tudor Ct,848
849,Wattle Valley Rd,849
850,Armadale St,850
851,Mulberry Pde,851
852,Fairy St,852
853,Cardinal Rd,853
854,East Rd,854
855,Cascade St,855
856,Prospect St,856
857,Champion Rd,857
858,Camelia St,858
859,Sherwood St,859
860,Hayes Pde,860
861,Carpenter St,861
862,Molden St,862
863,Alexander Cl,863
864,Stenson Rd,864
865,Hobart Wy,865
866,Boronia St,866
867,Gladstone Pde,867
868,Garton St,868
869,Withers St,869
870,Staughton Rd,870
871,Chesterville Rd,871
872,Jaguar Dr,872
873,Plenty Rd,873
874,Ellendale St,874
875,Glengala Rd,875
876,Gamon St,876
877,Argyll St,877
878,Nutwood St,878
879,Gray St,879
880,MacKenzie St,880
881,Mimosa Rd,881
882,Broughton Rd,882
883,Creswick St,883
884,Banksia St,884
885,Weybridge St,885
886,Tudor St,886
887,Cumberland St,887
888,Pasco St,888
889,Moylan St,889
890,Carmichael St,890
891,Brown St,891
892,Ascot St,892
893,Moor St,893
894,Shrewsbury St,894
895,Tribe St,895
896,Chapman St,896
897,Witchwood Cl,897
898,Gardenvale Rd,898
899,Athelstane Gr,899
900,Cosy Gum Rd,900
901,Wonganella Dr,901
902,Hampshire Rd,902
903,Stanlake St,903
904,Border Dr,904
905,Day St,905
906,Beaconsfield Rd,906
907,Yerrin St,907
908,Downs St,908
909,Prospect Dr,909
910,Leafield St,910
911,Racecourse Rd,911
912,Findon St,912
913,Railway Rd,913
914,Orchard St,914
915,Brook St,915
916,Andrews St,916
917,Doncaster Rd,917
918,Moubray St,918
919,Coghlan St,919
920,Killara St,920
921,Westbank Tce,921
922,Hansen St,922
923,Warley Rd,923
924,Glenard Dr,924
925,Spring St,925
926,Londrew Ct,926
927,Loller St,927
928,Durward Rd,928
929,Iona St,929
930,Alberta St,930
931,Clive St,931
932,Invermay Gr,932
933,Winston St,933
934,Rollo St,934
935,Cross St,935
936,Elder St,936
937,Cameron Rd,937
938,Milroy St,938
939,Swallow St,939
940,Winfield Rd,940
941,Waratah St,941
942,Riverpark Dr,942
943,Dumbarton St,943
944,Emu Pde,944
945,Hosken St,945
946,Yangoora Pl,946
947,Clapham St,947
948,Kiewa St,948
949,Brickwood St,949
950,Amess St,950
951,Hull Rd,951
952,Bulla Rd,952
953,Burnett St,953
954,Bailey Av,954
955,Beatrice St,955
956,Stennis St,956
957,Jasper Rd,957
958,Iramoo St,958
959,Watt St,959
960,Church Rd,960
961,Grandview Gr,961
962,Davison St,962
963,Rowans Rd,963
964,Bluff Rd,964
965,Wilkinson St,965
966,Hunter Rd,966
967,Dorset Rd,967
968,Tranmere Av,968
969,Milton Pde,969
970,Bevan St,970
971,Shaftesbury St,971
972,Kerferd Rd,972
973,Chester St,973
974,Hedderwick St,974
975,Daisy St,975
976,Ann St,976
977,Neil St,977
978,Holmes Rd,978
979,Koornang Rd,979
980,Roseneath St,980
981,Redan St,981
982,Camperdown St,982
983,Diosma Ct,983
984,England St,984
985,The Crossway,985
986,Woodmason St,986
987,Sandown Rd,987
988,Coates St,988
989,Ventnor St,989
990,Burns Ct,990
991,Maroona Rd,991
992,Arthurton Rd,992
993,Fraser St,993
994,Marks St,994
995,Kurrajong Cr,995
996,Hawker St,996
997,Judd St,997
998,Robb St,998
999,Perth Ct,999
1000,Pattison St,1000
1001,Bordeaux St,1001
1002,Steele St,1002
1003,Dalgety Dr,1003
1004,Seggan Cir,1004
1005,Eleanor St,1005
1006,Berkshire Rd,1006
1007,St Vigeons Rd,1007
1008,Curzon St,1008
1009,Normanby St,1009
1010,Clive Ct,1010
1011,Sargood St,1011
1012,Holyrood St,1012
1013,McCully St,1013
1014,Wiltshire Dr,1014
1015,Southampton St,1015
1016,Smart St,1016
1017,Papworth Pl,1017
1018,Clay St,1018
1019,Kiama St,1019
1020,Talbot St,1020
1021,Fidge Ct,1021
1022,Jessie St,1022
1023,Bourke St,1023
1024,Aroona Ct,1024
1025,Fewster Rd,1025
1026,Brentwood St,1026
1027,David Dr,1027
1028,Yawla St,1028
1029,Dartford St,1029
1030,Jack Rd,1030
1031,Wave St,1031
1032,Military Rd,1032
1033,Naroo St,1033
1034,Lloyd St,1034
1035,McCrae Rd,1035
1036,Taylors Rd,1036
1037,Lorraine Cr,1037
1038,Bamfield Rd,1038
1039,MacFarlan St,1039
1040,Ulupna Rd,1040
1041,Cremorne St,1041
1042,Compton St,1042
1043,MacEdon Rd,1043
1044,Serpentine St,1044
1045,St David St,1045
1046,Salisbury Gr,1046
1047,Pembroke St,1047
1048,Parkhill Rd,1048
1049,Solway St,1049
1050,Taylor St,1050
1051,Jones St,1051
1052,Xavier Ct,1052
1053,Webb St,1053
1054,Tiuna Gr,1054
1055,Hillsyde Pde,1055
1056,Gatehouse Dr,1056
1057,Cardigan St,1057
1058,Wheeler St,1058
1059,Ridge Dr,1059
1060,Keith St,1060
1061,Dellfield Dr,1061
1062,Gatehouse Pl,1062
1063,Edwardes St,1063
1064,Rothwell St,1064
1065,Efficient St,1065
1066,Liardet St,1066
1067,Moorong St,1067
1068,Wilson Bvd,1068
1069,Stirling St,1069
1070,Bridport St,1070
1071,Colthur St,1071
1072,Coane St,1072
1073,St Georges Rd,1073
1074,Inga Ct,1074
1075,Martin Rd,1075
1076,Irilbarra Rd,1076
1077,Danks St,1077
1078,Dromana St,1078
1079,Abbotsford Gr,1079
1080,Volga St,1080
1081,Gadd St,1081
1082,Violet St,1082
1083,Renwick St,1083
1084,Ellesmere Pde,1084
1085,Alamein Rd,1085
1086,Eastgate St,1086
1087,Vincent Dr,1087
1088,Islington St,1088
1089,Raeburn St,1089
1090,Maple St,1090
1091,Hurtle St,1091
1092,Guildford Rd,1092
1093,MacKay St,1093
1094,Lewis St,1094
1095,Maddox Rd,1095
1096,Mernda Av,1096
1097,Egginton St,1097
1098,Hazel St,1098
1099,Portland St,1099
1100,Cavalier St,1100
1101,Saxon St,1101
1102,Paget St,1102
1103,Hardy St,1103
1104,Eglinton St,1104
1105,Parry Rd,1105
1106,Moray St,1106
1107,McDougall St,1107
1108,Rockley Rd,1108
1109,Banool Rd,1109
1110,Nelson St,1110
1111,Little Oxford St,1111
1112,McMahon Rd,1112
1113,Northumberland Rd,1113
1114,Athelstan Rd,1114
1115,Belford Rd,1115
1116,Norma St,1116
1117,Paxton St,1117
1118,New Rd,1118
1119,Columbia St,1119
1120,Duffy St,1120
1121,Thistle St,1121
1122,Odowd St,1122
1123,Austral Av,1123
1124,Bayview Rd,1124
1125,Heysen Dr,1125
1126,Fontein St,1126
1127,Malin St,1127
1128,Ardoch St,1128
1129,French Ct,1129
1130,Lyell St,1130
1131,Quarry Cct,1131
1132,Rosedale Rd,1132
1133,Rayment St,1133
1134,Bowmore St,1134
1135,Caroline Dr,1135
1136,Talmage St,1136
1137,Royena Rd,1137
1138,Forster St,1138
1139,Headley St,1139
1140,Tongue St,1140
1141,Eildon Dr,1141
1142,Haig St,1142
1143,Washington St,1143
1144,Surrey Rd,1144
1145,Holmhurst Ct,1145
1146,Couch St,1146
1147,Shields St,1147
1148,Benbow St,1148
1149,Leonard St,1149
1150,Parsons St,1150
1151,Harding St,1151
1152,Vanberg Rd,1152
1153,Marshall Rd,1153
1154,Bolingbroke St,1154
1155,Rhodes Pde,1155
1156,Kingston St,1156
1157,Wattlebird Ct,1157
1158,Elimatta Rd,1158
1159,Wyong St,1159
1160,Gowrie St,1160
1161,Westminster St,1161
1162,Durham Rd,1162
1163,Holly St,1163
1164,Brockhoff Dr,1164
1165,Glen Rd,1165
1166,Rosella St,1166
1167,Kenilworth St,1167
1168,Iris St,1168
1169,Ashworth St,1169
1170,Aintree Rd,1170
1171,Manuka St,1171
1172,Shuter St,1172
1173,Pixel Cct,1173
1174,Bindi St,1174
1175,Wallen St,1175
1176,Blackwood St,1176
1177,Prentice St,1177
1178,Dudley St,1178
1179,Cooke St,1179
1180,Metung St,1180
1181,Inkerman St,1181
1182,Kanooka Gr,1182
1183,Dally St,1183
1184,Wetherby Rd,1184
1185,McPherson St,1185
1186,Birk Ct,1186
1187,Lex Gr,1187
1188,Butler St,1188
1189,Whitby St,1189
1190,Denys St,1190
1191,Norwood Dr,1191
1192,Blanche St,1192
1193,Llaneast St,1193
1194,Warburton Rd,1194
1195,McLean St,1195
1196,Fairmount Rd,1196
1197,Doyle St,1197
1198,Forest St,1198
1199,Valley Pde,1199
1200,Scott Gr,1200
1201,Mirls St,1201
1202,Draper St,1202
1203,Kingsley Rd,1203
1204,Kalang Rd,1204
1205,Stephens St,1205
1206,Baker St,1206
1207,McPhail St,1207
1208,Viewbank Dr,1208
1209,Fenacre St,1209
1210,Walpole St,1210
1211,Challis St,1211
1212,Cruikshank St,1212
1213,Darebin Dr,1213
1214,Glengala Ct,1214
1215,Bayswater Rd,1215
1216,Walsh Av,1216
1217,Fyfe St,1217
1218,Fordham Rd,1218
1219,Busch St,1219
1220,Elm Gr,1220
1221,Cavanagh St,1221
1222,Ovata Cl,1222
1223,Alexandra Av,1223
1224,Furzer St,1224
1225,Turner St,1225
1226,Kawarren St,1226
1227,Johnston St,1227
1228,Rathmines Rd,1228
1229,Sutherland Rd,1229
1230,Spray St,1230
1231,Chomley St,1231
1232,Lorne St,1232
1233,Paloma St,1233
1234,Crawford St,1234
1235,Ryan St,1235
1236,Joffre Rd,1236
1237,Gnarwyn Rd,1237
1238,Howlett St,1238
1239,Dalny Rd,1239
1240,Bridge Rd,1240
1241,Lewisham Rd,1241
1242,Longview Rd,1242
1243,Seisman Pl,1243
1244,Violet Gr,1244
1245,Earlsfield Rd,1245
1246,Daphne St,1246
1247,Shackell St,1247
1248,Essex Rd,1248
1249,Romano Av,1249
1250,Schofield St,1250
1251,Jerrold St,1251
1252,Ormond Bvd,1252
1253,Rennie St,1253
1254,Booyan Cr,1254
1255,Plant St,1255
1256,Harp Rd,1256
1257,Linton St,1257
1258,Little Kent St,1258
1259,Knole St,1259
1260,Berkeley St,1260
1261,Newman Cr,1261
1262,Ashwood Av,1262
1263,Ardyne St,1263
1264,Wilton Gr,1264
1265,Macquarie St,1265
1266,Highview Dr,1266
1267,Chambers St,1267
1268,Hazel Gr,1268
1269,Mayo St,1269
1270,Rupert St,1270
1271,Ardmillan Rd,1271
1272,Carcoola Ct,1272
1273,Boldrewood Pde,1273
1274,Fossickers Wy,1274
1275,Kokoda St,1275
1276,Edsall St,1276
1277,Oak Av,1277
1278,Allnutt Ct,1278
1279,Ila St,1279
1280,Newman St,1280
1281,Warra St,1281
1282,Millah Rd,1282
1283,Dalton Rd,1283
1284,Gilmore Rd,1284
1285,Agnew St,1285
1286,Mines Rd,1286
1287,Riddell Pde,1287
1288,Lesden St,1288
1289,Scotts Pde,1289
1290,Avon St,1290
1291,Smith Rd,1291
1292,Helen St,1292
1293,Hamer St,1293
1294,Regina St,1294
1295,Monterey Bvd,1295
1296,McLeod St,1296
1297,Orbel Ct,1297
1298,Webb La,1298
1299,Devonshire St,1299
1300,Ella Gr,1300
1301,Packington Pl,1301
1302,Ryland St,1302
1303,Barnsbury Rd,1303
1304,Thiele St,1304
1305,Robinson Gr,1305
1306,Indra Rd,1306
1307,Anthony St,1307
1308,Ajax Cl,1308
1309,Yarraburn Cl,1309
1310,Alimar Ct,1310
1311,Greystoke Ct,1311
1312,Mara Cl,1312
1313,Charlotte Pl,1313
1314,Devenish Ct,1314
1315,Youlden St,1315
1316,Wolseley Gr,1316
1317,Byron Ct,1317
1318,Crisp St,1318
1319,Anarth St,1319
1320,Dryburgh St,1320
1321,Dalveen Rd,1321
1322,Meadowbank Dr,1322
1323,Hawtin St,1323
1324,Florence Cl,1324
1325,Vanessa Ct,1325
1326,Abbotswood Dr,1326
1327,Watsonia St,1327
1328,Bossington St,1328
1329,Fairview St,1329
1330,Yuruga Bvd,1330
1331,Brunel Ct,1331
1332,Leighton Ct,1332
1333,Epping St,1333
1334,Horsmunden Rd,1334
1335,Longmuir Rd,1335
1336,Blackbird Tce,1336
1337,Nola St,1337
1338,Dorothea St,1338
1339,Grange Bvd,1339
1340,Bittern St,1340
1341,Compton Pde,1341
1342,Chris Ct,1342
1343,Pettys La,1343
1344,Bown Ct,1344
1345,Summerlea Gr,1345
1346,Bouverie St,1346
1347,Norfolk Cct,1347
1348,Binns St,1348
1349,Chancellor Dr,1349
1350,Hawthorn Dr,1350
1351,Hewett Dr,1351
1352,Frank St,1352
1353,Vine Gr,1353
1354,Travellyn Ct,1354
1355,Somes St,1355
1356,Rymill Ct,1356
1357,Nyah St,1357
1358,Dundee Av,1358
1359,Brett St,1359
1360,Eirene St,1360
1361,Lofty Av,1361
1362,Central Av,1362
1363,Garnsworthy St,1363
1364,Vears Rd,1364
1365,Flowers St,1365
1366,Gardenia Rd,1366
1367,Mountain Hwy,1367
1368,Mingana Rd,1368
1369,Lowe Av,1369
1370,Beaurepaire Pde,1370
1371,Surrey Dr,1371
1372,Shands La,1372
1373,Shore Gr,1373
1374,Wamba Rd,1374
1375,Denham St,1375
1376,Catherine Rd,1376
1377,Bardia St,1377
1378,Heather Ct,1378
1379,Atkin St,1379
1380,Stable Dr,1380
1381,Yarra Gr,1381
1382,Kelwin Ct,1382
1383,Moonstone Cct,1383
1384,Sheargold Ct,1384
1385,Bazentin St,1385
1386,Heritage Dr,1386
1387,Salisbury Rd,1387
1388,Allen St,1388
1389,Longstaff St,1389
1390,Ewart St,1390
1391,Huntingfield Dr,1391
1392,Bourke Cr,1392
1393,Belinda Ct,1393
1394,Studley St,1394
1395,Denmark Hill Rd,1395
1396,Dargi Grn,1396
1397,Angus St,1397
1398,Hatfield St,1398
1399,Hibiscus Cl,1399
1400,Darebin Rd,1400
1401,Crana Ct,1401
1402,Hillside Gr,1402
1403,Warrina St,1403
1404,Condor St,1404
1405,Mareeba Wy,1405
1406,Chappell Pl,1406
1407,Runnymede St,1407
1408,Blackburn St,1408
1409,Olver St,1409
1410,Pindari Dr,1410
1411,Leane Dr,1411
1412,Lulie St,1412
1413,Wattle Av,1413
1414,Burroughs Rd,1414
1415,Snow St,1415
1416,Progress Rd,1416
1417,Chauvel St,1417
1418,Lee St,1418
1419,Maxwell St,1419
1420,Rotherwood Dr,1420
1421,Emo Rd,1421
1422,Zenith St,1422
1423,Beaumont Pde,1423
1424,Zeal St,1424
1425,Manor St,1425
1426,Richard St,1426
1427,Rupert Dr,1427
1428,Kirribilli Bvd,1428
1429,Doncaster St,1429
1430,Merbein St,1430
1431,Marshall St,1431
1432,Stafford St,1432
1433,Sandringham Rd,1433
1434,Chalmers La,1434
1435,North St,1435
1436,Tobruk St,1436
1437,Mayne St,1437
1438,Hampden Rd,1438
1439,Carinya Rd,1439
1440,Lincoln Wy,1440
1441,Yarra Ct,1441
1442,Bedwell St,1442
1443,Menarra St,1443
1444,Chanak St,1444
1445,Cumquat Ct,1445
1446,Louise Ct,1446
1447,Gresford St,1447
1448,Oban St,1448
1449,Anzac Av,1449
1450,Country La,1450
1451,Mirrim Pl,1451
1452,Spring Rd,1452
1453,Council La,1453
1454,Bena St,1454
1455,McDougall Dr,1455
1456,Faircroft Av,1456
1457,Olyve Ct,1457
1458,Achilles St,1458
1459,Milfay Ct,1459
1460,Heathcote Dr,1460
1461,Erin St,1461
1462,Adrian St,1462
1463,Morrow St,1463
1464,Cherrill St,1464
1465,Royal Av,1465
1466,Morton St,1466
1467,Dower St,1467
1468,Vincent Cr,1468
1469,Templemore Dr,1469
1470,McMahons Rd,1470
1471,Millicent Av,1471
1472,Strettle St,1472
1473,Park Pl,1473
1474,Wrights Tce,1474
1475,Trevascus St,1475
1476,Watson St,1476
1477,Egerton Rd,1477
1478,Ballantyne St,1478
1479,Asling St,1479
1480,Quentin Rd,1480
1481,Toorang Ct,1481
1482,MacOrna St,1482
1483,Hendricks Cr,1483
1484,Fulton Rd,1484
1485,Olympic Wy,1485
1486,Neerim St,1486
1487,Mawson St,1487
1488,Carson St,1488
1489,Werona St,1489
1490,Moama St,1490
1491,Kandanga Gr,1491
1492,Poplar St,1492
1493,Inkerman Rd,1493
1494,Kensington Pl,1494
1495,Robern Pde,1495
1496,Millard St,1496
1497,Crevelli St,1497
1498,Paperbark Av,1498
1499,Baroda St,1499
1500,Furlong Rd,1500
1501,Greer St,1501
1502,Miranda Rd,1502
1503,Harrow St,1503
1504,Maughan Pde,1504
1505,Hawdon St,1505
1506,Montgomery Pl,1506
1507,Liley St,1507
1508,Huntingfield St,1508
1509,Goodenia Cl,1509
1510,Reeves St,1510
1511,Wildberry Cl,1511
1512,Borrowdale Rd,1512
1513,Barries Pl,1513
1514,Hoadley Av,1514
1515,Nancy St,1515
1516,Lebanon St,1516
1517,Through St,1517
1518,McKinnon Rd,1518
1519,Alicia St,1519
1520,Struan Av,1520
1521,Murray Ct,1521
1522,Fleming Gr,1522
1523,Hayes St,1523
1524,Dalgan St,1524
1525,Somerville St,1525
1526,Serenity Wy,1526
1527,Barrington Dr,1527
1528,Norwich St,1528
1529,Aylwin Av,1529
1530,Ramu Gr,1530
1531,Kardella St,1531
1532,Merlow St,1532
1533,Balcombe Rd,1533
1534,Bataan Ct,1534
1535,Turanga Pl,1535
1536,Stockmans Wy,1536
1537,Tovey St,1537
1538,Coppice St,1538
1539,Beckwith St,1539
1540,Saniky St,1540
1541,Mangalore St,1541
1542,Strang St,1542
1543,Claronga St,1543
1544,Brolga Av,1544
1545,Galway St,1545
1546,Kinrade St,1546
1547,Franks Gr,1547
1548,Trent Ct,1548
1549,Murrell St,1549
1550,Gillingham St,1550
1551,Carrington Gr,1551
1552,Avoca St,1552
1553,Barcelona St,1553
1554,Gray Ct,1554
1555,McArthurs Rd,1555
1556,Gosford Cr,1556
1557,Carmyle Ct,1557
1558,Parklands Cl,1558
1559,Tarrengower St,1559
1560,Cathcart St,1560
1561,Richelieu St,1561
1562,Princes Hwy,1562
1563,Finchley Ct,1563
1564,Manchester Rd,1564
1565,Vannam Dr,1565
1566,Mona Pl,1566
1567,Gourock St,1567
1568,Sevenoaks Av,1568
1569,Ripon Gr,1569
1570,Rae Ct,1570
1571,Arkle St,1571
1572,Bracken Gr,1572
1573,Daly St,1573
1574,Sedge Cl,1574
1575,Dakota Dr,1575
1576,Besant St,1576
1577,Burkitt Ct,1577
1578,McCallum St,1578
1579,Selby Ct,1579
1580,Buckmaster Dr,1580
1581,Carthy St,1581
1582,Park Sq,1582
1583,Bardolph St,1583
1584,Bradford Ct,1584
1585,Saronvale Cr,1585
1586,Audley St,1586
1587,Somers St,1587
1588,Montrose St,1588
1589,Grainger Ct,1589
1590,Anthony Dr,1590
1591,Hansen Rd,1591
1592,Giuliano Ct,1592
1593,Warralong Av,1593
1594,Margate Av,1594
1595,Majdal St,1595
1596,Bryden Dr,1596
1597,Kannan Bvd,1597
1598,Pearce St,1598
1599,Mathieson St,1599
1600,Valias St,1600
1601,Manfred St,1601
1602,Cohuna St,1602
1603,Hiscock St,1603
1604,Pilgrim St,1604
1605,Abercarn Av,1605
1606,Rhonda St,1606
1607,Kelvin Gr,1607
1608,Allison Cr,1608
1609,Markhill Pl,1609
1610,Perth St,1610
1611,Elaine Ct,1611
1612,Jennifer St,1612
1613,Hesleden St,1613
1614,Ashmore Av,1614
1615,Tasker St,1615
1616,Range St,1616
1617,Viridian Dr,1617
1618,McIlwrick St,1618
1619,Primrose Av,1619
1620,Alma Rd,1620
1621,Abeckett St,1621
1622,Clendon Rd,1622
1623,Westmount Rd,1623
1624,Linacre Dr,1624
1625,Cornhill St,1625
1626,London St,1626
1627,Skyline Dr,1627
1628,Ellsworth Cr,1628
1629,Haughton Rd,1629
1630,Finningley Dr,1630
1631,Borva Dr,1631
1632,Cummins Rd,1632
1633,Lynden Gr,1633
1634,Goodwin St,1634
1635,Cluden St,1635
1636,Marian St,1636
1637,Borrie St,1637
1638,Gurner St,1638
1639,Fosters Rd,1639
1640,Arkley Dr,1640
1641,Everett St,1641
1642,Tarnook Ct,1642
1643,El Nido Gr,1643
1644,Yarrabin St,1644
1645,Simpson Pl,1645
1646,Helene Ct,1646
1647,Flora Gr,1647
1648,Noble Ct,1648
1649,Lincoln Rd,1649
1650,Abinger St,1650
1651,Woiwurung Cr,1651
1652,Bullarto St,1652
1653,Barries Rd,1653
1654,Gladstone Av,1654
1655,Briggs St,1655
1656,Malua Cr,1656
1657,Judkins Av,1657
1658,Cresser St,1658
1659,Esther St,1659
1660,Wynnstay Rd,1660
1661,Woodlands Av,1661
1662,Illawarra Rd,1662
1663,McIntyre Dr,1663
1664,Greensborough Rd,1664
1665,McKenzie Ct,1665
1666,Swayfield Rd,1666
1667,Lorraine St,1667
1668,Parklea Ct,1668
1669,Consort Pl,1669
1670,Greenwood St,1670
1671,Orange St,1671
1672,Greig St,1672
1673,Berringa St,1673
1674,Chapel Rd,1674
1675,Ardene Ct,1675
1676,Coventry Dr,1676
1677,Conquest Dr,1677
1678,Lyric St,1678
1679,Mudie Av,1679
1680,Nonna St,1680
1681,Little Bourke St,1681
1682,Musk Ct,1682
1683,Yaralla Rd,1683
1684,Boreham St,1684
1685,Jenolan Wy,1685
1686,Apollo Pl,1686
1687,Hanby St,1687
1688,Rosedale Cr,1688
1689,Pukaki Ct,1689
1690,Zurzolo Tce,1690
1691,Greythorn Rd,1691
1692,Alfada St,1692
1693,Kite Av,1693
1694,Whatley St,1694
1695,Aquarius Dr,1695
1696,Kampman St,1696
1697,Wahroongaa Rd,1697
1698,Starboard Dr,1698
1699,Hawksbury Grn,1699
1700,Uvadale Gr,1700
1701,Benson St,1701
1702,Canadian Ct,1702
1703,Tulloch Gr,1703
1704,Davidson St,1704
1705,Bass St,1705
1706,Audrey Cr,1706
1707,Chaucer St,1707
1708,Repton Rd,1708
1709,Cornell St,1709
1710,Barmah Gra,1710
1711,Jane St,1711
1712,chesterfield Ct,1712
1713,Scheele St,1713
1714,Corio St,1714
1715,Silvana Wy,1715
1716,Pickford St,1716
1717,Ronald St,1717
1718,Powlett St,1718
1719,Clematis Pl,1719
1720,Warburton Ct,1720
1721,Little St,1721
1722,Morotai Pde,1722
1723,Delmont St,1723
1724,Geranium Ct,1724
1725,Barter Cr,1725
1726,Panorama St,1726
1727,Dalton St,1727
1728,Ian Av,1728
1729,Hillcrest Rd,1729
1730,Patrick St,1730
1731,Randall St,1731
1732,Wharton St,1732
1733,Claremont Cr,1733
1734,Hanson Rd,1734
1735,Bute St,1735
1736,Quick St,1736
1737,Redwood St,1737
1738,Wavell St,1738
1739,Bamford Av,1739
1740,Darebin Ct,1740
1741,Rosewall St,1741
1742,Hurlstone St,1742
1743,Shanley St,1743
1744,Castleton Rd,1744
1745,Waimarie Dr,1745
1746,Ash Ct,1746
1747,Callander Rd,1747
1748,Thoresby Gr,1748
1749,Whitelaw St,1749
1750,Viewgrand Dr,1750
1751,Cromer Pl,1751
1752,Ardoyne St,1752
1753,Piper St,1753
1754,Sanderson St,1754
1755,McGrath Cl,1755
1756,Riley Ct,1756
1757,High Ct,1757
1758,William Rd,1758
1759,Phillip Rd,1759
1760,Burgundy Dr,1760
1761,Croydon Rd,1761
1762,Garden Rd,1762
1763,Cassels Rd,1763
1764,Utah Rd,1764
1765,Anzac St,1765
1766,Dunoon St,1766
1767,Fitzroy Gr,1767
1768,Convent Ct,1768
1769,Tamar Dr,1769
1770,Helen Rd,1770
1771,Evelyn Ct,1771
1772,Edina St,1772
1773,Fernhurst Gr,1773
1774,Bernarra Ct,1774
1775,Warne St,1775
1776,Pershore Ct,1776
1777,Spencer Pl,1777
1778,Ferrars St,1778
1779,Beaumonde St,1779
1780,Reilly Pl,1780
1781,Yendon Rd,1781
1782,Victoria Pde,1782
1783,Wiringa Av,1783
1784,Mais St,1784
1785,Tangyes St,1785
1786,Home Rd,1786
1787,Gillard St,1787
1788,Main St,1788
1789,Simpsons Rd,1789
1790,Carrington Rd,1790
1791,Leveson St,1791
1792,Walker Pl,1792
1793,Clairmont St,1793
1794,Lincoln St,1794
1795,Overall Dr,1795
1796,Troup Ct,1796
1797,Dunvegan Dr,1797
1798,Bleazby St,1798
1799,Keppel St,1799
1800,Dyer Ct,1800
1801,Mickleham Rd,1801
1802,Purches St,1802
1803,Cooloongatta Rd,1803
1804,Puerta St,1804
1805,Riverside Av,1805
1806,Lodden St,1806
1807,Thorpe St,1807
1808,Lithgow St,1808
1809,Chandos St,1809
1810,Wallace Dr,1810
1811,Grattan St,1811
1812,Sellars St,1812
1813,Norwood Ct,1813
1814,Gisborne St,1814
1815,Iffla St,1815
1816,Thaxted Rd,1816
1817,Glenn Cr,1817
1818,Ralston St,1818
1819,Sherwin St,1819
1820,Marcus Rd,1820
1821,Daniel St,1821
1822,Galilee Cr,1822
1823,Rogers St,1823
1824,Salford La,1824
1825,Renown St,1825
1826,Eaglet Ct,1826
1827,Garden Ct,1827
1828,Gordon Ct,1828
1829,Sunshine Av,1829
1830,Muirfield Dr,1830
1831,Hayston Bvd,1831
1832,Goldsmith St,1832
1833,Westbourne Gr,1833
1834,Dutton Ct,1834
1835,Kambrook Rd,1835
1836,Delhi St,1836
1837,Walden Gr,1837
1838,Amaroo Dr,1838
1839,Artemis Ct,1839
1840,Merrill Cr,1840
1841,Chadstone Rd,1841
1842,Mutton Rd,1842
1843,Ferncroft Dr,1843
1844,Apsley St,1844
1845,Kemp Av,1845
1846,Richmond Tce,1846
1847,Mooltan St,1847
1848,Hodgkinson St,1848
1849,Waltham St,1849
1850,Boree Av,1850
1851,Sassella St,1851
1852,Kinnane Cr,1852
1853,Roy St,1853
1854,Liston Av,1854
1855,Daleglen St,1855
1856,Gladstone Rd,1856
1857,Bottlebrush Rd,1857
1858,Murdock St,1858
1859,Marna Ct,1859
1860,Inga St,1860
1861,Hobson St,1861
1862,Jacka St,1862
1863,Ormond St,1863
1864,Sunnyside Rd,1864
1865,Harpley St,1865
1866,Mockridge Dr,1866
1867,Kyarra Rd,1867
1868,Darvall St,1868
1869,Liscard St,1869
1870,Buller Tce,1870
1871,Peacock St,1871
1872,Pratt St,1872
1873,Kellbourne Dr,1873
1874,Zetland Rd,1874
1875,Whimbrel Cr,1875
1876,Nicosia Ct,1876
1877,Zinnia St,1877
1878,Churchill Cl,1878
1879,Fielding St,1879
1880,Pembury St,1880
1881,Churchill Wy,1881
1882,Lower Heidelberg Rd,1882
1883,Pepino Ct,1883
1884,Manly Ct,1884
1885,Howard Ct,1885
1886,Meadowbank St,1886
1887,Gavan St,1887
1888,Sydenham St,1888
1889,Woolnough Dr,1889
1890,Armstrong St,1890
1891,Jones Ct,1891
1892,Ordnance Res,1892
1893,Jindalee Cl,1893
1894,Clevedon Ct,1894
1895,Bennie St,1895
1896,Albert Pl,1896
1897,Woorite Pl,1897
1898,Sheppard Ct,1898
1899,Margot Av,1899
1900,Linda St,1900
1901,Ambon St,1901
1902,Molesworth Ct,1902
1903,Brooke Ct,1903
1904,Knight Ct,1904
1905,Retreat Rd,1905
1906,Groom St,1906
1907,Reading Cl,1907
1908,Stanger St,1908
1909,Horace St,1909
1910,Tyler Cr,1910
1911,Steel St,1911
1912,Cedar St,1912
1913,Evelina St,1913
1914,Whitty La,1914
1915,Meruka Dr,1915
1916,Bluebell Pl,1916
1917,Westmoreland Rd,1917
1918,Rebecca Cl,1918
1919,Collett St,1919
1920,Wirilda Cr,1920
1921,Kilmore Cr,1921
1922,Lind St,1922
1923,Denton Dr,1923
1924,Trafford Rd,1924
1925,Betula St,1925
1926,Forest Rd,1926
1927,Colchester Cct,1927
1928,Cranberry Pl,1928
1929,Faussett St,1929
1930,Trende St,1930
1931,Hilbert Ct,1931
1932,Blairgowrie Ct,1932
1933,Toorak Av,1933
1934,Orlando St,1934
1935,Eve Ct,1935
1936,Robin Ct,1936
1937,Duckham St,1937
1938,Droop St,1938
1939,Fitzgibbon St,1939
1940,Watchtower Rd,1940
1941,Norfolk Cr,1941
1942,Perisher Dr,1942
1943,Jellicoe St,1943
1944,Wallara Cr,1944
1945,Grevillia Rd,1945
1946,Serica Ct,1946
1947,Clinnick St,1947
1948,Regent Ct,1948
1949,Castella Ct,1949
1950,Etzel St,1950
1951,Windoo St,1951
1952,Ruby St,1952
1953,Fir St,1953
1954,Meyer Ct,1954
1955,Kemp St,1955
1956,River Bvd,1956
1957,Glenview Rd,1957
1958,Carbeena Pde,1958
1959,Tiernan St,1959
1960,McComas St,1960
1961,Oakbank St,1961
1962,Perry Cl,1962
1963,Barwon Ct,1963
1964,Rookwood St,1964
1965,Kaye Ct,1965
1966,Junction St,1966
1967,Carlingford St,1967
1968,Echuca St,1968
1969,Kya Cl,1969
1970,Gillespie Rd,1970
1971,Dougharty Rd,1971
1972,Fernhill Dr,1972
1973,Oxford Dr,1973
1974,Saltley St,1974
1975,Claude St,1975
1976,Bessell Ct,1976
1977,Somerset St,1977
1978,Brad St,1978
1979,Ebony Dr,1979
1980,Haddon Ct,1980
1981,Cherry St,1981
1982,Myalla St,1982
1983,Hawthorn St,1983
1984,Kingston Rd,1984
1985,Bignell Rd,1985
1986,Dena Ct,1986
1987,Bennett Av,1987
1988,Nolan Av,1988
1989,Harrington Rd,1989
1990,Wickham Av,1990
1991,Ambrose St,1991
1992,Corroboree Pl,1992
1993,Howie St,1993
1994,Kirrum Cl,1994
1995,Kallara Gr,1995
1996,Weigall St,1996
1997,Lemon Rd,1997
1998,Clarendon Pde,1998
1999,Eldon Ct,1999
2000,Anfield Ct,2000
2001,McKittrick Rd,2001
2002,Adams St,2002
2003,Holskamp St,2003
2004,Gold St,2004
2005,Beattie St,2005
2006,McLachlan St,2006
2007,Devenish Rd,2007
2008,Caithness Cr,2008
2009,Southbank Bvd,2009
2010,Currajong St,2010
2011,Ruffey St,2011
2012,Canberra Rd,2012
2013,Berry Av,2013
2014,Haywood Gr,2014
2015,Ikara Cl,2015
2016,Elinga Ct,2016
2017,Pier La,2017
2018,Rodney St,2018
2019,Colite St,2019
2020,Brady St,2020
2021,Maireana St,2021
2022,Golf Links Rd,2022
2023,Bardsley St,2023
2024,Yumbarra Pde,2024
2025,Angelique Gr,2025
2026,Rooding St,2026
2027,Proctor St,2027
2028,Braeside St,2028
2029,Nairn St,2029
2030,Bellbridge Dr,2030
2031,Wanbrow Av,2031
2032,Majestic Bvd,2032
2033,Jacana St,2033
2034,Allendale Rd,2034
2035,McArthur St,2035
2036,Wahroongaa Cr,2036
2037,Clifton Ct,2037
2038,Bridges St,2038
2039,Osborne Rd,2039
2040,Sang Ct,2040
2041,Esplanade East,2041
2042,Gower St,2042
2043,Dixon St,2043
2044,Northcote St,2044
2045,Avoca Av,2045
2046,Holmes St,2046
2047,Cavendish Dr,2047
2048,Monica St,2048
2049,Shady Gr,2049
2050,Druitt St,2050
2051,Darebin St,2051
2052,Park Gr,2052
2053,Loudon Rd,2053
2054,Cradle Mountain Dr,2054
2055,Vere St,2055
2056,Grenville Tce,2056
2057,Kalimna St,2057
2058,Snaefell Cr,2058
2059,Erskine St,2059
2060,Rudyard St,2060
2061,Matlock St,2061
2062,emma St,2062
2063,Head St,2063
2064,Airlie Av,2064
2065,Elizabeth Dr,2065
2066,Bates Dr,2066
2067,Disraeli St,2067
2068,Bronte Ct,2068
2069,Marilyn Ct,2069
2070,Hex St,2070
2071,Natalie Ct,2071
2072,Brinsley Rd,2072
2073,Narbethong Dr,2073
2074,Altyre Ct,2074
2075,Pleasant Av,2075
2076,Diana Dr,2076
2077,Barrow St,2077
2078,Carn Av,2078
2079,Murnong St,2079
2080,Dredge St,2080
2081,Bannermann St,2081
2082,Parkside Av,2082
2083,Parry St,2083
2084,Dundas Pl,2084
2085,Jobson St,2085
2086,Crew St,2086
2087,Bamfield St,2087
2088,Edithvale Rd,2088
2089,Surman Ct,2089
2090,Manallack St,2090
2091,Avelin St,2091
2092,Craigielea Av,2092
2093,Crimea St,2093
2094,Malleson St,2094
2095,Huon Ct,2095
2096,Charlton Pl,2096
2097,Glendora Av,2097
2098,Mont Albert Rd,2098
2099,Coniston Av,2099
2100,Clay Dr,2100
2101,Errol St,2101
2102,Rosehill Ct,2102
2103,Madigan Dr,2103
2104,Teck St,2104
2105,Alexandra Pde,2105
2106,Domain Rd,2106
2107,Pyne St,2107
2108,Stephenson St,2108
2109,Eureka Dr,2109
2110,Alfred Sq,2110
2111,Oshanassy St,2111
2112,Strathaird St,2112
2113,Carr St,2113
2114,Bradman Dr,2114
2115,Pines Gr,2115
2116,Champion Pde,2116
2117,Norma Ct,2117
2118,Fanny St,2118
2119,Elder Pde,2119
2120,Shiel St,2120
2121,The Crescent,2121
2122,Staughton St,2122
2123,Northumberland Dr,2123
2124,Cavalry Cct,2124
2125,Maitland St,2125
2126,Everton Gr,2126
2127,Newmans Rd,2127
2128,Turner Ct,2128
2129,Third Av,2129
2130,Coonil Cr,2130
2131,Erebus St,2131
2132,Rhoden Ct,2132
2133,Dunblane Rd,2133
2134,Amanda Ct,2134
2135,Waller Ct,2135
2136,Stonemark Ct,2136
2137,Omama Rd,2137
2138,Woolstone Cl,2138
2139,Younger St,2139
2140,Wilsons Rd,2140
2141,Austin St,2141
2142,Cyprus St,2142
2143,Churchill Av,2143
2144,Lester Av,2144
2145,Wurruk St,2145
2146,Gloucester Rd,2146
2147,Highpoint Cr,2147
2148,Burwood Hwy,2148
2149,Pinewood Av,2149
2150,Kimber St,2150
2151,Griffiths St,2151
2152,Hawksburn Rd,2152
2153,Poinciana St,2153
2154,Lido Ct,2154
2155,Oakdene Pl,2155
2156,Cook St,2156
2157,Fernhill St,2157
2158,Mangarra Rd,2158
2159,Marwarra St,2159
2160,Skylark Ct,2160
2161,Toumlin Gr,2161
2162,Kings Rd,2162
2163,Buxton St,2163
2164,Wilmot St,2164
2165,Clunes St,2165
2166,Michael St,2166
2167,Stevenson St,2167
2168,Malpas St,2168
2169,Chute St,2169
2170,Manningtree Rd,2170
2171,Francesco St,2171
2172,Orchard Rd,2172
2173,Banyule Rd,2173
2174,Primula Bvd,2174
2175,Highview Rd,2175
2176,Timbarra Dr,2176
2177,Jacks Pl,2177
2178,Drum St,2178
2179,The Ridge,2179
2180,Moreton Cr,2180
2181,Mowbray St,2181
2182,Burge Cr,2182
2183,Manley St,2183
2184,McLean Ct,2184
2185,Sturdee Rd,2185
2186,Augusta Av,2186
2187,Down St,2187
2188,Irving St,2188
2189,Windsor Dr,2189
2190,Soudan Rd,2190
2191,Hassett St,2191
2192,Cormorant Pl,2192
2193,Melball St,2193
2194,Massey St,2194
2195,Meagher St,2195
2196,Towerhill Rd,2196
2197,Dyson St,2197
2198,Staley St,2198
2199,Berkeley Gr,2199
2200,Glen Dr,2200
2201,The Cove,2201
2202,Carlisle Rd,2202
2203,Beauford St,2203
2204,Comeram Ct,2204
2205,Melliodora Ct,2205
2206,Fairbank Pl,2206
2207,Cleve Gr,2207
2208,Simmonds Pl,2208
2209,The Crofts,2209
2210,Clayton Rd,2210
2211,Comas Gr,2211
2212,Pendle St,2212
2213,Nepean St,2213
2214,Rodman St,2214
2215,Carlita Cl,2215
2216,Poole St,2216
2217,Claremont St,2217
2218,Devoy St,2218
2219,Georges Rd,2219
2220,Carnarvon St,2220
2221,Glenbruar Dr,2221
2222,Wentworth Cl,2222
2223,Ramsay Av,2223
2224,Emily St,2224
2225,Nunan St,2225
2226,Sneddon Ct,2226
2227,Dawson St,2227
2228,Hawkhurst St,2228
2229,Kenny St,2229
2230,Federation La,2230
2231,Raheen Dr,2231
2232,Dowling St,2232
2233,Huntingfield Rd,2233
2234,Bath St,2234
2235,Caravelle Cr,2235
2236,Dixon Av,2236
2237,Allan St,2237
2238,Highett St,2238
2239,Merton Cl,2239
2240,Chaleyer St,2240
2241,Fordholm Rd,2241
2242,Justin Av,2242
2243,Malvern Gr,2243
2244,Gona Ct,2244
2245,Kimber Ct,2245
2246,Kershaw St,2246
2247,Sanders Pl,2247
2248,Woodsdale Ct,2248
2249,Hilbert Rd,2249
2250,Agnes St,2250
2251,Marchant Cr,2251
2252,Fongeo Dr,2252
2253,Odessa Av,2253
2254,Claudel St,2254
2255,Beryl St,2255
2256,Stewart Cl,2256
2257,Saturn St,2257
2258,Rogerson St,2258
2259,Rogan La,2259
2260,Gruner St,2260
2261,Shafer Rd,2261
2262,Arnot St,2262
2263,Batesford Rd,2263
2264,McKimmies Rd,2264
2265,Merrett Dr,2265
2266,Martell St,2266
2267,Nevada St,2267
2268,Park La,2268
2269,Hillcroft St,2269
2270,Roberts Rd,2270
2271,Warrs Rd,2271
2272,Otford Cl,2272
2273,Goode St,2273
2274,Scotts St,2274
2275,Churchill Dr,2275
2276,Ivan Av,2276
2277,Paywit St,2277
2278,Spence St,2278
2279,Enderby Ct,2279
2280,Austin Tce,2280
2281,Rowena Pde,2281
2282,Manyung Ct,2282
2283,Rochester Rd,2283
2284,Wordsworth St,2284
2285,Morgan St,2285
2286,Oakwood Dr,2286
2287,Metcalf Wy,2287
2288,Corbie St,2288
2289,Royal Tce,2289
2290,Tantani St,2290
2291,Standring Cl,2291
2292,Broderick Rd,2292
2293,Kinsale St,2293
2294,Pacific Dr,2294
2295,Matthews Rd,2295
2296,Almurta Rd,2296
2297,Robertson St,2297
2298,Bradfield La,2298
2299,Tarago Cr,2299
2300,Jenkins St,2300
2301,Coronet Gr,2301
2302,Leo St,2302
2303,Development Bvd,2303
2304,Sturdee St,2304
2305,Glenmore St,2305
2306,Foster Rd,2306
2307,Kynoch La,2307
2308,Hanke Rd,2308
2309,Kingfisher Ct,2309
2310,Maryston St,2310
2311,Northcote Av,2311
2312,Curran St,2312
2313,Crawley St,2313
2314,Bendigo St,2314
2315,Iskandar Pl,2315
2316,Rosewall Pl,2316
2317,Yarralea St,2317
2318,Birch Sq,2318
2319,Hearn St,2319
2320,Cardigan Rd,2320
2321,Childers St,2321
2322,Narebar Ct,2322
2323,Alma Ct,2323
2324,Sheridan Wy,2324
2325,Traill St,2325
2326,Thurloo St,2326
2327,Coleen St,2327
2328,Dunstan Av,2328
2329,Everard St,2329
2330,Prefect St,2330
2331,Lotus Ct,2331
2332,Greenfields Dr,2332
2333,Mavis St,2333
2334,Sefton St,2334
2335,Yongala St,2335
2336,Cityview Rd,2336
2337,Balloan St,2337
2338,Fitzgerald Rd,2338
2339,Wisteria Dr,2339
2340,Lucas Tce,2340
2341,Wren St,2341
2342,Ponsford Pl,2342
2343,Chestnut St,2343
2344,Bolton St,2344
2345,Hakea St,2345
2346,Kilburn St,2346
2347,Jirrahlinga Tce,2347
2348,Rasmussen Ct,2348
2349,Braemar St,2349
2350,millgrove St,2350
2351,Wayland Ct,2351
2352,Uonga Rd,2352
2353,Chisholm St,2353
2354,Northam Rd,2354
2355,Childers Rd,2355
2356,Walker Rd,2356
2357,Clifford St,2357
2358,Karingal Dr,2358
2359,Benambra St,2359
2360,St Andrews Pl,2360
2361,Vision Rd,2361
2362,Olympus Dr,2362
2363,Chelsea St,2363
2364,Renver Rd,2364
2365,Highbury Rd,2365
2366,Bungay St,2366
2367,Wimmera St,2367
2368,Phillips St,2368
2369,Buckingham Cr,2369
2370,MacFarland St,2370
2371,Dunlop St,2371
2372,Jacaranda St,2372
2373,Kensley Cct,2373
2374,High Street Rd,2374
2375,Danaher Av,2375
2376,Red Bluff St,2376
2377,Tashinny Rd,2377
2378,Bevan Ct,2378
2379,Shamrock St,2379
2380,Gent St,2380
2381,Zara Cl,2381
2382,Ruskin Av,2382
2383,Lucas St,2383
2384,Granite Wy,2384
2385,Pershing St,2385
2386,Holloway Cl,2386
2387,Deutscher St,2387
2388,Maralee Pl,2388
2389,Argyle Wy,2389
2390,Strickland Rd,2390
2391,Rhonda Ct,2391
2392,Camden St,2392
2393,Kumara Cct,2393
2394,Grandview Tce,2394
2395,Marden Pl,2395
2396,Roydon St,2396
2397,Souter St,2397
2398,Brindisi St,2398
2399,Little Collins St,2399
2400,Horton St,2400
2401,Driscolls Rd,2401
2402,Howard Rd,2402
2403,Mathoura Rd,2403
2404,Erinne Ct,2404
2405,Braim St,2405
2406,Norwood St,2406
2407,Sunray Ct,2407
2408,Kwinana Ct,2408
2409,Adina Pl,2409
2410,Cortina Pl,2410
2411,Beilby St,2411
2412,Corrigan St,2412
2413,Stewarts La,2413
2414,Crete Av,2414
2415,Destination Dr,2415
2416,Jennings St,2416
2417,Glenice St,2417
2418,Davisson St,2418
2419,Carberry Dr,2419
2420,Mahoneys Rd,2420
2421,Christowel St,2421
2422,Ronald Rd,2422
2423,Alexis Cl,2423
2424,Burlington St,2424
2425,Parkside St,2425
2426,Rooney St,2426
2427,Hopetoun St,2427
2428,Sansom St,2428
2429,Palermo St,2429
2430,Scottsdale St,2430
2431,Lock St,2431
2432,Horizon Dr,2432
2433,Grandview Av,2433
2434,Delmare St,2434
2435,Killeen St,2435
2436,Collinson St,2436
2437,MacEdon St,2437
2438,Gilbert St,2438
2439,Victoria Dr,2439
2440,Harmer St,2440
2441,Rowen St,2441
2442,Greville Rd,2442
2443,Chenies St,2443
2444,Euston Rd,2444
2445,Mather Rd,2445
2446,Avondale Rd,2446
2447,Dudley Pde,2447
2448,Taunton St,2448
2449,Bentley St,2449
2450,Nerissa Gr,2450
2451,Carmody St,2451
2452,Allison Av,2452
2453,Gerona St,2453
2454,Hepburn St,2454
2455,Banksia Av,2455
2456,Blackburn Rd,2456
2457,MacRobertson St,2457
2458,Cecelia Dr,2458
2459,Market Rd,2459
2460,Carrol Gr,2460
2461,Batman St,2461
2462,Greta St,2462
2463,Taniyha Pl,2463
2464,Clematis St,2464
2465,Manoel Av,2465
2466,Manson Dr,2466
2467,Stott St,2467
2468,Penn Ct,2468
2469,Clovelly Av,2469
2470,Nuragi Ct,2470
2471,Beryl Av,2471
2472,Alice St,2472
2473,Allanfield Cr,2473
2474,Rosstown Rd,2474
2475,Virginia Ct,2475
2476,Riverview Ct,2476
2477,Forrester St,2477
2478,Beckley St,2478
2479,Kinross Av,2479
2480,First Av,2480
2481,Hodgson Gr,2481
2482,Lindsay Gdns,2482
2483,Zagreb Ct,2483
2484,Lynnwood Pde,2484
2485,Ayr St,2485
2486,Keele St,2486
2487,Twyford St,2487
2488,Kelvin Cl,2488
2489,Gladesville Dr,2489
2490,Wonga Ct,2490
2491,Ebb St,2491
2492,Wentworth Dr,2492
2493,Tyne St,2493
2494,Ofarrell St,2494
2495,Pilgrim Ct,2495
2496,Lysterfield Dr,2496
2497,Lucille Av,2497
2498,Patmore Ct,2498
2499,Kilmore Rd,2499
2500,Garden St,2500
2501,Sylvia St,2501
2502,Vernier St,2502
2503,Newbury Bvd,2503
2504,Palfreyman St,2504
2505,Lucerne St,2505
2506,Peverill St,2506
2507,Frater St,2507
2508,Cher Av,2508
2509,Brookfield Ct,2509
2510,Briardale Dr,2510
2511,Malane St,2511
2512,Stenhouse Av,2512
2513,Nicholls St,2513
2514,Kevin St,2514
2515,Eddy St,2515
2516,Highton St,2516
2517,Kanowna St,2517
2518,Brees Rd,2518
2519,Antwerp Dr,2519
2520,Leeds St,2520
2521,Casey Dr,2521
2522,Tarcoola Dr,2522
2523,Serpells Tce,2523
2524,Fairview Av,2524
2525,Barrington St,2525
2526,Wattleglade Ct,2526
2527,Helen Ct,2527
2528,Vive St,2528
2529,Staniland Gr,2529
2530,Healey St,2530
2531,Terrara Ct,2531
2532,Ruthven St,2532
2533,Bulleen Rd,2533
2534,Sesame St,2534
2535,Willoughby St,2535
2536,Margaret Gr,2536
2537,Thornton St,2537
2538,Leura St,2538
2539,Colric Pl,2539
2540,Dryburgh Pl,2540
2541,Medlar Ct,2541
2542,Walnut Rd,2542
2543,Romek Wy,2543
2544,Myoora Rd,2544
2545,Coromandel Ct,2545
2546,Taree Pl,2546
2547,Wallara Rd,2547
2548,Orrong Av,2548
2549,Feathertop Av,2549
2550,Looker Rd,2550
2551,Goodman St,2551
2552,Matthews Ct,2552
2553,Wimba Av,2553
2554,Hirst St,2554
2555,Hatherley Gr,2555
2556,Arnold Dr,2556
2557,Willmott Dr,2557
2558,Denver St,2558
2559,Stud Rd,2559
2560,Pentland St,2560
2561,Gellion Pl,2561
2562,Price St,2562
2563,Blenheim St,2563
2564,Indwe St,2564
2565,Milan St,2565
2566,Cross Rd,2566
2567,Clapham Rd,2567
2568,Provost St,2568
2569,Shadwell St,2569
2570,Fern St,2570
2571,Glencairn St,2571
2572,Jordan St,2572
2573,Valencia St,2573
2574,Mount Pleasant Rd,2574
2575,Caspian Tce,2575
2576,Aston St,2576
2577,Crana Gr,2577
2578,Victory Rd,2578
2579,Vasari Gdns,2579
2580,Creswick Dr,2580
2581,Austral Ct,2581
2582,Bodley St,2582
2583,Bakers Pde,2583
2584,Nathan Pl,2584
2585,Arnott St,2585
2586,Rockaway Dr,2586
2587,Davis Av,2587
2588,Manning Rd,2588
2589,Diamond St,2589
2590,Winbirra Pde,2590
2591,Hillview Rd,2591
2592,Fletcher St,2592
2593,Loongana Av,2593
2594,Boase St,2594
2595,Waterloo St,2595
2596,Moody St,2596
2597,Eley Rd,2597
2598,Chandlers Rd,2598
2599,Grimshaw St,2599
2600,Upper Heidelberg Rd,2600
2601,Drysdale Ct,2601
2602,Madden Gr,2602
2603,McIntyre Rd,2603
2604,Christie St,2604
2605,Kooringa Cr,2605
2606,Bower Wy,2606
2607,Flinders La,2607
2608,Harts Pde,2608
2609,Shearers Ct,2609
2610,Howqua Ct,2610
2611,Nisbett St,2611
2612,Albany Ct,2612
2613,Baringa Rd,2613
2614,Avonhurst Dr,2614
2615,Kirkwood Dr,2615
2616,Granville St,2616
2617,Merle St,2617
2618,Hillman Ct,2618
2619,Fran St,2619
2620,Pinewood Dr,2620
2621,Eyre St,2621
2622,Galilee Dr,2622
2623,Reed St,2623
2624,Box Av,2624
2625,Koorang La,2625
2626,Arnold Gr,2626
2627,The Righi,2627
2628,St James St,2628
2629,Lyons Rd,2629
2630,Eamon Dr,2630
2631,Goodwood St,2631
2632,Lydson St,2632
2633,Glendale St,2633
2634,Powers St,2634
2635,Elwood St,2635
2636,Navarre Ct,2636
2637,Venetian Ct,2637
2638,Kinkora Rd,2638
2639,Winston Dr,2639
2640,Khartoum St,2640
2641,Hibiscus Rd,2641
2642,Wingate St,2642
2643,Osborne Ct,2643
2644,Nandeen Ct,2644
2645,Clydesdale Rd,2645
2646,Everard Rd,2646
2647,Blanche Ct,2647
2648,Windsor Av,2648
2649,Peterson St,2649
2650,Mellor St,2650
2651,Pumice Ct,2651
2652,Banchory St,2652
2653,Sycamore Rd,2653
2654,Wiltshire St,2654
2655,Bruce Cr,2655
2656,Hemming St,2656
2657,Southey Ct,2657
2658,Flourish Wy,2658
2659,Ashted Rd,2659
2660,Gungarlan Dr,2660
2661,Newham Gr,2661
2662,Shaw St,2662
2663,Carthew Gr,2663
2664,Tahara Rd,2664
2665,Voltri St,2665
2666,Greenvale Dr,2666
2667,Birkenhead Dr,2667
2668,Ashton St,2668
2669,Tait St,2669
2670,Virginia Gr,2670
2671,Kinkora Ct,2671
2672,Welford St,2672
2673,Sylvan St,2673
2674,Sandra St,2674
2675,The Nook,2675
2676,Packington St,2676
2677,Blenheim Rd,2677
2678,Tweed St,2678
2679,Calverton Rd,2679
2680,Wallingford Pl,2680
2681,Delaware St,2681
2682,Stables La,2682
2683,morang Rd,2683
2684,Beaufort St,2684
2685,Coromandel Pl,2685
2686,Hume Av,2686
2687,Avalon Gr,2687
2688,Charles Ct,2688
2689,Clydebank Rd,2689
2690,Cobram St,2690
2691,Wedge St,2691
2692,Angler Pde,2692
2693,Combarton St,2693
2694,Rosemary Ct,2694
2695,Shorts Rd,2695
2696,Sylvan Ct,2696
2697,Loyola Gr,2697
2698,Appleby Ct,2698
2699,Finch St,2699
2700,Drew St,2700
2701,Warren Rd,2701
2702,Gascoyne St,2702
2703,Exon St,2703
2704,Castle St,2704
2705,Hermitage Ct,2705
2706,Nicol St,2706
2707,Thomson Dr,2707
2708,Patricia Dr,2708
2709,Edenvale Bvd,2709
2710,Ridley Av,2710
2711,Deidre Ct,2711
2712,Kittyhawk St,2712
2713,Poulter St,2713
2714,Hermitage Dr,2714
2715,Clays Ct,2715
2716,Silk St,2716
2717,Hedley St,2717
2718,Yarana Rd,2718
2719,Fletcher La,2719
2720,Pole St,2720
2721,Delbridge St,2721
2722,Hazeldine Rd,2722
2723,Northcote Rd,2723
2724,Loughnan Rd,2724
2725,Barley Ct,2725
2726,Glengyle St,2726
2727,Colin St,2727
2728,Kym Pl,2728
2729,Hawkstowe Pde,2729
2730,Perrumba St,2730
2731,Westbury St,2731
2732,Schutt St,2732
2733,Nevis St,2733
2734,Riverside Dr,2734
2735,Benaroon Dr,2735
2736,Wisewould St,2736
2737,Curie Av,2737
2738,Glenair St,2738
2739,Pleasant Rd,2739
2740,Paw Paw Rd,2740
2741,Opal St,2741
2742,Rushall St,2742
2743,Naples Rd,2743
2744,Horsley St,2744
2745,Keith Gr,2745
2746,Manna Ct,2746
2747,Fahey Cr,2747
2748,Ingles St,2748
2749,Tame St,2749
2750,Audrey St,2750
2751,Metherall St,2751
2752,Talba Ct,2752
2753,Cohen St,2753
2754,Riddell Rd,2754
2755,Dorset St,2755
2756,Sims St,2756
2757,Chester Cl,2757
2758,Wight St,2758
2759,The Corso,2759
2760,Pilkington St,2760
2761,Dakara Ct,2761
2762,Finlay St,2762
2763,Boyne St,2763
2764,Frogmore Rd,2764
2765,Russell Cr,2765
2766,Gloucester St,2766
2767,Buckingham Dr,2767
2768,Woolart St,2768
2769,Kestrel Rd,2769
2770,Clyde Ct,2770
2771,Huntingtower Cr,2771
2772,Thorpdale Av,2772
2773,Alder St,2773
2774,Quinn Gr,2774
2775,Loxton Wy,2775
2776,Argyle Cr,2776
2777,Holloway St,2777
2778,Stowe Av,2778
2779,Kewarren Ct,2779
2780,Snell Gr,2780
2781,Rosemary Dr,2781
2782,Bradley Dr,2782
2783,Beard St,2783
2784,Tanglewood St,2784
2785,Jaques St,2785
2786,Brunel St,2786
2787,Ringtail Cct,2787
2788,Severn Cr,2788
2789,Coppin Gr,2789
2790,MacLean St,2790
2791,Newlands Ct,2791
2792,Rubens Gr,2792
2793,Robyn Ct,2793
2794,Chetwynd St,2794
2795,Almay Gr,2795
2796,Grandvalley Dr,2796
2797,Relowe Cr,2797
2798,Bawden Ct,2798
2799,White St,2799
2800,Ryder Ct,2800
2801,Rita St,2801
2802,Belgrave St,2802
2803,Meldan St,2803
2804,Kramer St,2804
2805,Beevers St,2805
2806,Ravenwoods Wy,2806
2807,Centenary Cr,2807
2808,Roxburgh St,2808
2809,Sophora Ct,2809
2810,Reddan Ct,2810
2811,Owen St,2811
2812,Farview St,2812
2813,Woods St,2813
2814,Waranga St,2814
2815,Huntly St,2815
2816,Rolain Av,2816
2817,Sarong St,2817
2818,Studley Rd,2818
2819,Brookland Ct,2819
2820,Mustang Ct,2820
2821,Marian Ct,2821
2822,Mullins Ct,2822
2823,MacAlister Bvd,2823
2824,Narrak Rd,2824
2825,Orient Av,2825
2826,Westminster Dr,2826
2827,Waratah Dr,2827
2828,Whernside Ct,2828
2829,Carrington St,2829
2830,Newhaven Rd,2830
2831,Chapman Bvd,2831
2832,Parring Rd,2832
2833,Canberra Gr,2833
2834,Moorhouse St,2834
2835,Inverness Rd,2835
2836,Biscop Rd,2836
2837,McCracken St,2837
2838,Churchill Ct,2838
2839,Strathalbyn St,2839
2840,Cash St,2840
2841,Danks St W,2841
2842,Oshaughnessy St,2842
2843,Alandale St,2843
2844,Cobblestone Dr,2844
2845,Snapshot Dr,2845
2846,Hartwood St,2846
2847,Rosina St,2847
2848,Briarwood Ct,2848
2849,Rowell St,2849
2850,Riley St,2850
2851,Matthew Cl,2851
2852,Lenna Ct,2852
2853,Walkers Rd,2853
2854,Cartwright St,2854
2855,Columbia Av,2855
2856,Scotsburn Av,2856
2857,Egan St,2857
2858,Hyslop Pde,2858
2859,Wilson Gr,2859
2860,Hopkins St,2860
2861,Gillman St,2861
2862,McComb St,2862
2863,Springfield Rd,2863
2864,Eunice Dr,2864
2865,Bloomburg St,2865
2866,Effingham Rd,2866
2867,Bourchier St,2867
2868,Shannon Ct,2868
2869,Combermere St,2869
2870,Catalina St,2870
2871,Carron St,2871
2872,Valerie St,2872
2873,Summit Dr,2873
2874,The Terrace,2874
2875,Matthews St,2875
2876,Don Av,2876
2877,Thackeray Rd,2877
2878,Briar St,2878
2879,Ella Ct,2879
2880,Winmalee Rd,2880
2881,Cormac St,2881
2882,Muldowney St,2882
2883,Mountain View Pde,2883
2884,Cooper Av,2884
2885,Whyte St,2885
2886,Knox St,2886
2887,Orlit Ct,2887
2888,Kenilworth Pde,2888
2889,Illuka Cr,2889
2890,Highgate Gr,2890
2891,Penhall Dr,2891
2892,Tedesco Ct,2892
2893,Pavo St,2893
2894,Parlington St,2894
2895,Kingsway Dr,2895
2896,Seacombe St,2896
2897,Cubitt St,2897
2898,Holberg St,2898
2899,Linlithgow Wy,2899
2900,Susan Ct,2900
2901,Monet Ct,2901
2902,Stephensons Rd,2902
2903,Seaver Gr,2903
2904,Sharp Gr,2904
2905,Lynette St,2905
2906,Jensen Ct,2906
2907,Hanlon Cl,2907
2908,Parer St,2908
2909,Hillcrest Av,2909
2910,Elizabeth Ct,2910
2911,Cowes Pl,2911
2912,Conservatory Dr,2912
2913,Tucker St,2913
2914,Mortimore St,2914
2915,Platypus Ct,2915
2916,McHale Ct,2916
2917,Austin Rd,2917
2918,Stewart Av,2918
2919,St Kinnord St,2919
2920,Manchester St,2920
2921,McNeilage St,2921
2922,Karma Av,2922
2923,Gregory St,2923
2924,Furness St,2924
2925,Balfour St,2925
2926,Oakes Av,2926
2927,Orion Wy,2927
2928,Normanby Ct,2928
2929,Mapledene Ct,2929
2930,Medina Rd,2930
2931,Fydler Av,2931
2932,Hounslow Grn,2932
2933,Webster Av,2933
2934,Greenridge Ct,2934
2935,Ida Ct,2935
2936,Kinnoull Gr,2936
2937,Bartlett St,2937
2938,Condah Ct,2938
2939,Rutherglen Cr,2939
2940,Connell St,2940
2941,Allenby Rd,2941
2942,Lockley St,2942
2943,Oxley St,2943
2944,Norval Cr,2944
2945,Longwood Dr,2945
2946,Ireland Av,2946
2947,Jasmine Dr,2947
2948,Pindara Bvd,2948
2949,Spicer Bvd,2949
2950,Ellison St,2950
2951,Huntingdale Ct,2951
2952,Gatehouse St,2952
2953,MacK St,2953
2954,Birkenhead St,2954
2955,Duff St,2955
2956,Highlander Ct,2956
2957,Gatehouse La,2957
2958,Kelly St,2958
2959,Wheatley Rd,2959
2960,Melbourne St,2960
2961,Saxonwood Dr,2961
2962,Allison Rd,2962
2963,Haverbrack Dr,2963
2964,Cowley Ct,2964
2965,Wall St,2965
2966,Lea Rd,2966
2967,Middlesex Rd,2967
2968,Madeline St,2968
2969,Melbourne Av,2969
2970,Wheatsheaf Rd,2970
2971,Melaleuca Av,2971
2972,Cassowary Av,2972
2973,Brampton Cl,2973
2974,Bik La,2974
2975,Wilson Rd,2975
2976,Pascall St,2976
2977,Homebush Rd,2977
2978,Napoleon St,2978
2979,Woolcock Av,2979
2980,Warner Av,2980
2981,Whitehall St,2981
2982,Balaclava Rd,2982
2983,Higinbotham St,2983
2984,Arden St,2984
2985,Belvedere Cl,2985
2986,Glover Ct,2986
2987,Alwyn Ct,2987
2988,Camberwell Rd,2988
2989,Howson Ct,2989
2990,Purtell St,2990
2991,Cape St,2991
2992,Clive Rd,2992
2993,Baker Rd,2993
2994,Lorenz St,2994
2995,Sullivan St,2995
2996,Trevannion St,2996
2997,Corhampton Rd,2997
2998,Riverside Qy,2998
2999,Woods Av,2999
3000,Cole Ct,3000
3001,Beths St,3001
3002,Boronia Rd,3002
3003,Sandpiper Pl,3003
3004,Fourth Av,3004
3005,Delta Av,3005
3006,Debra Ct,3006
3007,Whiteman St,3007
3008,Raynes St,3008
3009,Brett Ct,3009
3010,Goble St,3010
3011,Sartori St,3011
3012,Bradford St,3012
3013,Inglis St,3013
3014,Augustine Tce,3014
3015,Cassell St,3015
3016,Paul Gr,3016
3017,Limestone Av,3017
3018,Richardson Av,3018
3019,Morawa Dr,3019
3020,Randell Ct,3020
3021,Madeleine St,3021
3022,Broadwater Dr,3022
3023,Surf St,3023
3024,Rocklea Rd,3024
3025,Purnell St,3025
3026,Dunstan Pde,3026
3027,Vernon St,3027
3028,Hampton Rd,3028
3029,Stuart Ct,3029
3030,Downing St,3030
3031,Rogers Rd,3031
3032,Faversham Rd,3032
3033,Hayes Rd,3033
3034,Merrion Pl,3034
3035,Fisher St,3035
3036,Ruby Pl,3036
3037,Dunne St,3037
3038,Cuming St,3038
3039,Arbor Tce,3039
3040,Irving Av,3040
3041,Gretel Gr,3041
3042,Victor Cr,3042
3043,Malua Rd,3043
3044,Una St,3044
3045,Allendale Ct,3045
3046,Hatter St,3046
3047,Northumberland Cct,3047
3048,Boyd St,3048
3049,Stodart St,3049
3050,Viviani Cr,3050
3051,Maude Av,3051
3052,Little Lonsdale St,3052
3053,Skye Ct,3053
3054,Catron St,3054
3055,Bambara Ct,3055
3056,Kerferd Pl,3056
3057,St James Rd,3057
3058,Hope Ct,3058
3059,Reno Rd,3059
3060,Templewood Cr,3060
3061,Gadsden St,3061
3062,Victoria Cr,3062
3063,Beverley Rd,3063
3064,Hollsmoor Rd,3064
3065,Dunedin St,3065
3066,Ferndale Rd,3066
3067,Posy St,3067
3068,webster St,3068
3069,Don St,3069
3070,Tuppen St,3070
3071,Bluegum Cct,3071
3072,Hazel Dr,3072
3073,Grange Dr,3073
3074,Survey St,3074
3075,McDonnell Rd,3075
3076,Thea Gr,3076
3077,Merrimu St,3077
3078,Roseland Cr,3078
3079,Regis Ct,3079
3080,Godfrey St,3080
3081,Fenton Cr,3081
3082,Jeffrey St,3082
3083,Killarney Rd,3083
3084,Sylvander St,3084
3085,Newberry Av,3085
3086,Baxter Av,3086
3087,Denman St,3087
3088,Mulkarra Dr,3088
3089,Glanfield St,3089
3090,Holloway Rd,3090
3091,Peace St,3091
3092,Electra St,3092
3093,Woodville St,3093
3094,Longacres Rd,3094
3095,Surrey Ct,3095
3096,Dakara Cl,3096
3097,Lincoln Dr,3097
3098,Railway Pde S,3098
3099,Airlie St,3099
3100,Finchley Av,3100
3101,Leonie Ct,3101
3102,Miles St,3102
3103,The Glade,3103
3104,Brennan St,3104
3105,Barclay Dr,3105
3106,Rugby Rd,3106
3107,Major St,3107
3108,Fletcher Rd,3108
3109,Thurso St,3109
3110,Cedar Dr,3110
3111,Garfield Av,3111
3112,Myers St,3112
3113,Dane Rd,3113
3114,Glenda St,3114
3115,Malmsbury St,3115
3116,Columba St,3116
3117,Emslie St,3117
3118,Selola Ct,3118
3119,Bondi Rd,3119
3120,Skipton Rd,3120
3121,Princes Pl,3121
3122,Randolph St,3122
3123,Saddlers Ct,3123
3124,Best St,3124
3125,York Rd,3125
3126,Merrilands Rd,3126
3127,Council St,3127
3128,Curtain Pl,3128
3129,Dalgety St,3129
3130,Clare Bvd,3130
3131,Duranta Dr,3131
3132,Gwent St,3132
3133,Wilcox St,3133
3134,Lister Cr,3134
3135,Lyndarum Dr,3135
3136,Kirby Ct,3136
3137,Kingfisher Gdns,3137
3138,Buchan St,3138
3139,Margot St,3139
3140,Barwon St,3140
3141,Nicholas Ct,3141
3142,Darling Rd,3142
3143,Mary Av,3143
3144,Jassa St,3144
3145,Crescent Rd,3145
3146,Madden St,3146
3147,Nuthall Wy,3147
3148,Shipston Rd,3148
3149,Darwin Rd,3149
3150,Whitmore Pl,3150
3151,Rostrevor Pde,3151
3152,Seaford Rd,3152
3153,Aberdeen Gr,3153
3154,Brickworks Dr,3154
3155,Drinkwater Cr,3155
3156,Marjory St,3156
3157,Nola Ct,3157
3158,Small St,3158
3159,Cornwall St,3159
3160,Jubilee St,3160
3161,Alma La,3161
3162,Eton Ct,3162
3163,Becker Cl,3163
3164,Marin La,3164
3165,Vera St,3165
3166,Dresden St,3166
3167,Barunah St,3167
3168,Coolamon St,3168
3169,Annan Pl,3169
3170,Winchester St,3170
3171,Daours Ct,3171
3172,Salvatore Ct,3172
3173,Lowalde Dr,3173
3174,Rourke La,3174
3175,Carter St,3175
3176,Tweedside St,3176
3177,Wheatland Rd,3177
3178,Knutsford St,3178
3179,Preston St,3179
3180,Heytesbury Cr,3180
3181,Carnon St,3181
3182,Halpin St,3182
3183,Lynne Ct,3183
3184,Maylands Cr,3184
3185,Anselm Gr,3185
3186,Arnold Rd,3186
3187,Remy Av,3187
3188,Cannon St,3188
3189,Baker Pde,3189
3190,Hammond St,3190
3191,Marden St,3191
3192,Conley St,3192
3193,Kidman St,3193
3194,Merino St,3194
3195,Turramurra Dr,3195
3196,Kelverne St,3196
3197,Abassia St,3197
3198,Waterloo Rd,3198
3199,McIntosh St,3199
3200,Kayden St,3200
3201,Cooma Ct,3201
3202,Albion Cr,3202
3203,Knapp St,3203
3204,Lincoln Pl,3204
3205,Ramu Pde,3205
3206,Rotherwood Rd,3206
3207,Ellesmere St,3207
3208,Benton Ct,3208
3209,Rosa St,3209
3210,Marigold Cr,3210
3211,Hughes Pde,3211
3212,Westmore Dr,3212
3213,St Huberts Rd,3213
3214,MacArthur Av,3214
3215,Noga Av,3215
3216,Coppin La,3216
3217,Godley St,3217
3218,Hale Ct,3218
3219,Ralph St,3219
3220,thomson St,3220
3221,Ernest St,3221
3222,Kaybrook Ct,3222
3223,Ryder St,3223
3224,Scotland Av,3224
3225,Fuller St,3225
3226,Edgerton St,3226
3227,Sirius Ct,3227
3228,Botanic Dr,3228
3229,Walker Gr,3229
3230,Tirana St,3230
3231,Dalworth St,3231
3232,Thompson Ct,3232
3233,Colvin Gr,3233
3234,Well St,3234
3235,Cudgewa Pl,3235
3236,Sherrin Ct,3236
3237,Syndal St,3237
3238,Downland Sq,3238
3239,Wards Gr,3239
3240,Fromhold Dr,3240
3241,Mountain St,3241
3242,Cabot Dr,3242
3243,Sunhill Rd,3243
3244,McAlpine Ct,3244
3245,Academy Dr,3245
3246,Hawthorn Gr,3246
3247,Cynga St,3247
3248,Railway Pl,3248
3249,Miller Gr,3249
3250,Ford Av,3250
3251,Drake Ct,3251
3252,Maysia St,3252
3253,Finn Ct,3253
3254,Murumba St,3254
3255,Pardy St,3255
3256,Edmund St,3256
3257,Seymour Rd,3257
3258,Cuthbert Dr,3258
3259,Gretel Pl,3259
3260,Farringdon St,3260
3261,Sycamore Gr,3261
3262,Menzies Pde,3262
3263,Methven St,3263
3264,Borlase St,3264
3265,Boathaven Rd,3265
3266,Cary St,3266
3267,Trumper Pl,3267
3268,McKinley Dr,3268
3269,Edgewood St,3269
3270,Manhattan Sq,3270
3271,Risdon Dr,3271
3272,Villers Sq,3272
3273,Cheadle Cr,3273
3274,Haldane St,3274
3275,Melville Cl,3275
3276,Peak St,3276
3277,Louisa St,3277
3278,Linden Ct,3278
3279,View Ct,3279
3280,Cassowary St,3280
3281,Daventry St,3281
3282,Wigan Cl,3282
3283,Village Wy,3283
3284,Mawby Rd,3284
3285,Fremont Pde,3285
3286,Wicklow St,3286
3287,Barce Pl,3287
3288,Horsfall St,3288
3289,Sweyn St,3289
3290,Avenue Rd,3290
3291,Adelaide Bvd,3291
3292,Riviera St,3292
3293,Melliodora Pl,3293
3294,Highgate St,3294
3295,Northwood Dr,3295
3296,Jacana Ct,3296
3297,Jillian Av,3297
3298,Charnwood Rd,3298
3299,Ogden St,3299
3300,Alleford St,3300
3301,Dorothy St,3301
3302,Fitzgerald St,3302
3303,Krone St,3303
3304,Beachview Pde,3304
3305,Ray Rd,3305
3306,McMahon Cr,3306
3307,Bloomsbury Dr,3307
3308,Streeton Cct,3308
3309,Kuranga Rd,3309
3310,Viva St,3310
3311,Fortuna Av,3311
3312,Kotiko Rd,3312
3313,Waterview Bvd,3313
3314,Roseland Gr,3314
3315,Boyce Av,3315
3316,Banool Ct,3316
3317,Clairmont Av,3317
3318,Richards Rd,3318
3319,Turfan Cl,3319
3320,Albany Rd,3320
3321,Collings Ct,3321
3322,Atkins Ct,3322
3323,Keon Pde,3323
3324,Mantell St,3324
3325,Binbrook Dr,3325
3326,Donna St,3326
3327,Brislington St,3327
3328,Ipswich St,3328
3329,Gordon Pde,3329
3330,Wilmoth St,3330
3331,Tower Rd,3331
3332,Belgrove St,3332
3333,Breese St,3333
3334,Pinrush Rd,3334
3335,Mephan St,3335
3336,Huntington Dr,3336
3337,Kerr St,3337
3338,Hambleton St,3338
3339,Stoneyfell Rd,3339
3340,Aylmer St,3340
3341,Bolden St,3341
3342,Broadmeadows Rd,3342
3343,Chelsey St,3343
3344,Adamson St,3344
3345,Inglesby Rd,3345
3346,Shelford Gr,3346
3347,Marshall Pl,3347
3348,Cathies La,3348
3349,Ormonde Rd,3349
3350,Valerian St,3350
3351,Sage Cl,3351
3352,Balmain St,3352
3353,Bryant St,3353
3354,Station Pl,3354
3355,Ruabon Rd,3355
3356,Elliott Cr,3356
3357,Adori Pl,3357
3358,Norton St,3358
3359,Chavasse St,3359
3360,Fenfield St,3360
3361,Wiseman St,3361
3362,Danin St,3362
3363,Botherambo St,3363
3364,Joan St,3364
3365,Warburton St,3365
3366,Sandover Dr,3366
3367,Cavalier Ct,3367
3368,Letchworth Pl,3368
3369,Callanish Rd,3369
3370,Sinclair St,3370
3371,Yvette Dr,3371
3372,Wattle Rd,3372
3373,Gleniffer Av,3373
3374,Barak St,3374
3375,Danae St,3375
3376,Fairview Gr,3376
3377,Gilbank St,3377
3378,Kalawar Av,3378
3379,Menzies St,3379
3380,Cosmos St,3380
3381,Nungerner St,3381
3382,Dods St,3382
3383,Alpha St,3383
3384,Crellin Gr,3384
3385,Sunview Pl,3385
3386,Newbury Ct,3386
3387,Viewbank Rd,3387
3388,Snowden St,3388
3389,Montana St,3389
3390,Wolverhampton St,3390
3391,Fitzwilliam St,3391
3392,Odessa St,3392
3393,Mabel St,3393
3394,Arawatta St,3394
3395,Yallop Ct,3395
3396,Falshaws La,3396
3397,Allumba Dr,3397
3398,Cowper St,3398
3399,Hayman Av,3399
3400,Malcolm Rd,3400
3401,Train St,3401
3402,The Grove,3402
3403,Pescott Cl,3403
3404,Kernot St,3404
3405,Boronia Gr,3405
3406,Brownlow Dr,3406
3407,Emily Dr,3407
3408,Collegian Av,3408
3409,Upland Rd,3409
3410,Seattle St,3410
3411,Doull Ct,3411
3412,Ailsa Gr,3412
3413,Silver St,3413
3414,Mitcham Rd,3414
3415,Bushlark Cr,3415
3416,Ford St,3416
3417,College Pde,3417
3418,Bemersyde Dr,3418
3419,Katunga Cr,3419
3420,Winton Rd,3420
3421,Leake St,3421
3422,Salvana Ct,3422
3423,Dorrington Ct,3423
3424,Cam St,3424